diet	bring on	scurvy	>	scurvy	prevent by	diet
juice	prevent	scurvy	>	juice	use in	scurvy
carrot	prevent	scurvy	>	scurvy	induce by	diet
vitamin	avoid	scurvy	>	diet	lead to	scurvy
orange	cure	scurvy	>	vitamin	avoid	scurvy
carrot	prevent	scurvy	>	scurvy	prevent by	diet
hemorrhage	be in	scurvy	>	hemorrhage	occur in	scurvy
lemon	prevent	scurvy	>	diet	lead to	scurvy
juice	cure	scurvy	>	diet	lead to	scurvy
lemon	prevent	scurvy	>	juice	inhibit	scurvy
hemorrhage	occur in	scurvy	>	haemorrhage	be in	scurvy
diet	bring on	scurvy	>	scurvy	cause by	diet
diet	bring on	scurvy	>	diet	lead to	scurvy
juice	inhibit	scurvy	>	scurvy	conquer by	juice
diet	cause	scurvy	>	scurvy	prevent by	diet
juice	use in	scurvy	>	juice	prevent	scurvy
diet	bring	scurvy	>	diet	lead to	scurvy
fruit	prevent	scurvy	>	diet	produce	scurvy
hemorrhage	occur in	scurvy	>	hemorrhage	be in	scurvy
scurvy	prevent by	diet	>	scurvy	cure by	diet
lemon	prevent	scurvy	>	diet	bring	scurvy
scurvy	conquer by	juice	>	diet	bring	scurvy
juice	inhibit	scurvy	>	juice	cure	scurvy
carrot	prevent	scurvy	>	vitamin	avoid	scurvy
fruit	prevent	scurvy	>	scurvy	cause by	diet
vitamin	prevent	scurvy	>	vitamin	avoid	scurvy
diet	bring	scurvy	>	scurvy	induce by	diet
hemorrhage	occur in	scurvy	>	hemorrhage	see in	scurvy
vitamin	prevent	scurvy	>	diet	bring	scurvy
scurvy	prevent by	diet	>	diet	bring on	scurvy
carrot	prevent	scurvy	>	diet	lead to	scurvy
orange	cure	scurvy	>	fruit	prevent	scurvy
lemon	prevent	scurvy	>	scurvy	prevent by	diet
hemorrhage	be in	scurvy	>	haemorrhage	occur in	scurvy
haemorrhage	be in	scurvy	>	hemorrhage	see in	scurvy
scurvy	prevent by	diet	>	diet	bring	scurvy
scurvy	produce on	diet	>	scurvy	induce by	diet
haemorrhage	be in	scurvy	>	scurvy	accompany by	hemorrhage
scurvy	cure by	diet	>	diet	bring	scurvy
haemorrhage	be in	scurvy	>	hemorrhage	occur in	scurvy
carrot	prevent	scurvy	>	juice	use in	scurvy
scurvy	manifest in	gum	>	scurvy	characterize by	gum
scurvy	induce by	diet	>	diet	lead to	scurvy
diet	lead to	scurvy	>	scurvy	induce by	diet
lemon	prevent	scurvy	>	scurvy	cause by	diet
scurvy	manifest in	gum	>	gum	have	scurvy
hemorrhage	see in	scurvy	>	haemorrhage	be in	scurvy
vitamin	prevent	scurvy	>	scurvy	cure by	diet
scurvy	cure by	diet	>	scurvy	produce on	diet
scurvy	produce on	diet	>	diet	lead to	scurvy
gum	associate with	scurvy	>	scurvy	manifest in	gum
juice	cure	scurvy	>	vitamin	avoid	scurvy
fruit	prevent	scurvy	>	juice	prevent	scurvy
carrot	prevent	scurvy	>	scurvy	cure by	diet
scurvy	prevent by	diet	>	diet	produce	scurvy
fruit	prevent	scurvy	>	juice	inhibit	scurvy
fruit	prevent	scurvy	>	scurvy	prevent by	diet
diet	produce	scurvy	>	diet	bring	scurvy
diet	lead to	scurvy	>	scurvy	cause by	diet
scurvy	prevent by	diet	>	scurvy	cause by	diet
diet	cause	scurvy	>	diet	bring on	scurvy
lemon	cure	scurvy	>	diet	produce	scurvy
juice	use in	scurvy	>	juice	cure	scurvy
juice	use in	scurvy	>	diet	cause	scurvy
scurvy	conquer by	juice	>	scurvy	produce on	diet
hemorrhage	be in	scurvy	>	scurvy	characterize by	hemorrhage
juice	inhibit	scurvy	>	juice	prevent	scurvy
scurvy	produce on	diet	>	scurvy	cure by	diet
haemorrhage	accompany	scurvy	>	scurvy	characterize by	hemorrhage
hemorrhage	occur in	scurvy	>	haemorrhage	occur in	scurvy
fruit	cure	scurvy	>	diet	bring	scurvy
juice	cure	scurvy	>	scurvy	produce on	diet
scurvy	conquer by	juice	>	diet	produce	scurvy
scurvy	conquer by	juice	>	juice	prevent	scurvy
juice	cure	scurvy	>	diet	produce	scurvy
scurvy	conquer by	juice	>	scurvy	induce by	diet
scurvy	accompany by	hemorrhage	>	haemorrhage	occur in	scurvy
scurvy	accompany by	hemorrhage	>	hemorrhage	see in	scurvy
hemorrhage	be in	scurvy	>	haemorrhage	be in	scurvy
scurvy	cause by	diet	>	diet	cause	scurvy
fruit	cure	scurvy	>	juice	prevent	scurvy
lemon	prevent	scurvy	>	vitamin	prevent	scurvy
gum	swell in	scurvy	>	scurvy	manifest in	gum
juice	prevent	scurvy	>	scurvy	cause by	diet
fruit	cure	scurvy	>	scurvy	conquer by	juice
fruit	cure	scurvy	>	diet	produce	scurvy
orange	cure	scurvy	>	vitamin	prevent	scurvy
hemorrhage	see in	scurvy	>	hemorrhage	be in	scurvy
hemorrhage	occur in	scurvy	>	scurvy	accompany by	hemorrhage
juice	cure	scurvy	>	diet	bring	scurvy
fruit	prevent	scurvy	>	juice	cure	scurvy
scurvy	cause by	diet	>	diet	lead to	scurvy
fruit	prevent	scurvy	>	scurvy	cure by	diet
carrot	prevent	scurvy	>	fruit	prevent	scurvy
juice	use in	scurvy	>	diet	produce	scurvy
vitamin	avoid	scurvy	>	scurvy	cause by	diet
juice	inhibit	scurvy	>	diet	produce	scurvy
scurvy	conquer by	juice	>	scurvy	cause by	diet
scurvy	induce by	diet	>	scurvy	prevent by	diet
lemon	cure	scurvy	>	fruit	cure	scurvy
juice	inhibit	scurvy	>	vitamin	prevent	scurvy
carrot	prevent	scurvy	>	diet	bring on	scurvy
hemorrhage	see in	scurvy	>	haemorrhage	occur in	scurvy
vitamin	prevent	scurvy	>	diet	bring on	scurvy
scurvy	confuse with	osteomyelitis	>	scurvy	mistake for	osteomyelitis
lemon	prevent	scurvy	>	scurvy	conquer by	juice
orange	cure	scurvy	>	juice	use in	scurvy
diet	lead to	scurvy	>	diet	bring	scurvy
diet	bring	scurvy	>	diet	produce	scurvy
lemon	prevent	scurvy	>	juice	prevent	scurvy
fruit	cure	scurvy	>	scurvy	prevent by	diet
haemorrhage	be in	scurvy	>	haemorrhage	occur in	scurvy
diet	bring	scurvy	>	diet	bring on	scurvy
scurvy	produce on	diet	>	diet	bring on	scurvy
haemorrhage	accompany	scurvy	>	haemorrhage	be in	scurvy
fruit	cure	scurvy	>	fruit	prevent	scurvy
scurvy	conquer by	juice	>	fruit	prevent	scurvy
juice	cure	scurvy	>	diet	bring on	scurvy
scurvy	induce by	diet	>	diet	bring on	scurvy
juice	use in	scurvy	>	scurvy	cure by	diet
scurvy	cause by	diet	>	diet	produce	scurvy
hemorrhage	see in	scurvy	>	hemorrhage	occur in	scurvy
scurvy	accompany by	hemorrhage	>	haemorrhage	accompany	scurvy
juice	use in	scurvy	>	scurvy	prevent by	diet
scurvy	characterize by	weakness	>	scurvy	begin with	weakness
scurvy	induce by	diet	>	diet	produce	scurvy
scurvy	accompany by	hemorrhage	>	haemorrhage	be in	scurvy
scurvy	characterize by	hemorrhage	>	hemorrhage	see in	scurvy
vitamin	avoid	scurvy	>	diet	produce	scurvy
juice	use in	scurvy	>	scurvy	cause by	diet
juice	inhibit	scurvy	>	scurvy	cause by	diet
scurvy	produce on	diet	>	diet	bring	scurvy
diet	produce	scurvy	>	diet	lead to	scurvy
juice	prevent	scurvy	>	diet	bring	scurvy
juice	cure	scurvy	>	juice	use in	scurvy
carrot	prevent	scurvy	>	juice	cure	scurvy
scurvy	cure by	diet	>	scurvy	induce by	diet
carrot	prevent	scurvy	>	diet	cause	scurvy
gum	swell by	scurvy	>	scurvy	manifest in	gum
gum	have	scurvy	>	gum	associate with	scurvy
fruit	cure	scurvy	>	diet	lead to	scurvy
orange	cure	scurvy	>	scurvy	induce by	diet
fruit	prevent	scurvy	>	scurvy	conquer by	juice
diet	bring on	scurvy	>	scurvy	induce by	diet
anemia	accompany	scurvy	>	anemia	occur in	scurvy
lemon	cure	scurvy	>	juice	prevent	scurvy
fruit	cure	scurvy	>	scurvy	cause by	diet
juice	prevent	scurvy	>	diet	produce	scurvy
carrot	prevent	scurvy	>	vitamin	prevent	scurvy
lemon	cure	scurvy	>	vitamin	avoid	scurvy
vitamin	prevent	scurvy	>	scurvy	prevent by	diet
orange	cure	scurvy	>	diet	bring	scurvy
scurvy	accompany by	hemorrhage	>	scurvy	characterize by	hemorrhage
juice	inhibit	scurvy	>	scurvy	induce by	diet
juice	cure	scurvy	>	diet	cause	scurvy
lemon	prevent	scurvy	>	fruit	cure	scurvy
scurvy	cure by	diet	>	diet	bring on	scurvy
scurvy	characterize by	hemorrhage	>	hemorrhage	occur in	scurvy
vitamin	avoid	scurvy	>	scurvy	prevent by	diet
juice	inhibit	scurvy	>	juice	use in	scurvy
orange	cure	scurvy	>	juice	inhibit	scurvy
juice	use in	scurvy	>	fruit	cure	scurvy
scurvy	mistake for	osteomyelitis	>	scurvy	confuse with	osteomyelitis
lemon	cure	scurvy	>	scurvy	cause by	diet
orange	cure	scurvy	>	diet	bring on	scurvy
scurvy	mistake for	rheumatism	>	scurvy	differentiate from	rheumatism
scurvy	characterize by	gum	>	gum	have	scurvy
lemon	cure	scurvy	>	juice	inhibit	scurvy
diet	cause	scurvy	>	diet	produce	scurvy
diet	bring on	scurvy	>	diet	bring	scurvy
lemon	prevent	scurvy	>	lemon	cure	scurvy
juice	inhibit	scurvy	>	scurvy	produce on	diet
carrot	prevent	scurvy	>	diet	bring	scurvy
vitamin	avoid	scurvy	>	scurvy	induce by	diet
lemon	cure	scurvy	>	vitamin	prevent	scurvy
lemon	prevent	scurvy	>	juice	use in	scurvy
vitamin	prevent	scurvy	>	scurvy	induce by	diet
scurvy	conquer by	juice	>	juice	cure	scurvy
juice	prevent	scurvy	>	scurvy	prevent by	diet
lemon	prevent	scurvy	>	scurvy	cure by	diet
juice	use in	scurvy	>	diet	lead to	scurvy
carrot	prevent	scurvy	>	juice	prevent	scurvy
scurvy	cause by	diet	>	scurvy	cure by	diet
scurvy	induce by	diet	>	diet	bring	scurvy
diet	bring on	scurvy	>	scurvy	cure by	diet
juice	prevent	scurvy	>	juice	cure	scurvy
scurvy	characterize by	gum	>	gum	associate with	scurvy
fruit	prevent	scurvy	>	vitamin	avoid	scurvy
diet	produce	scurvy	>	scurvy	cure by	diet
fruit	cure	scurvy	>	diet	cause	scurvy
lemon	prevent	scurvy	>	scurvy	produce on	diet
juice	use in	scurvy	>	scurvy	produce on	diet
gum	swell in	scurvy	>	gum	associate with	scurvy
lemon	cure	scurvy	>	scurvy	cure by	diet
scurvy	cure by	diet	>	diet	produce	scurvy
lemon	cure	scurvy	>	juice	use in	scurvy
scurvy	cause by	diet	>	diet	bring	scurvy
juice	inhibit	scurvy	>	diet	cause	scurvy
vitamin	avoid	scurvy	>	diet	bring on	scurvy
juice	cure	scurvy	>	scurvy	induce by	diet
diet	lead to	scurvy	>	scurvy	prevent by	diet
juice	prevent	scurvy	>	diet	lead to	scurvy
scurvy	produce on	diet	>	scurvy	prevent by	diet
carrot	prevent	scurvy	>	scurvy	conquer by	juice
scurvy	conquer by	juice	>	diet	cause	scurvy
scurvy	cause by	diet	>	scurvy	induce by	diet
haemorrhage	be in	scurvy	>	hemorrhage	be in	scurvy
carrot	prevent	scurvy	>	juice	inhibit	scurvy
scurvy	conquer by	juice	>	juice	inhibit	scurvy
anemia	occur in	scurvy	>	anemia	accompany	scurvy
lemon	prevent	scurvy	>	diet	bring on	scurvy
diet	bring	scurvy	>	diet	cause	scurvy
fruit	cure	scurvy	>	scurvy	induce by	diet
scurvy	conquer by	juice	>	vitamin	prevent	scurvy
haemorrhage	be in	scurvy	>	scurvy	characterize by	hemorrhage
haemorrhage	occur in	scurvy	>	scurvy	characterize by	hemorrhage
vitamin	prevent	scurvy	>	scurvy	produce on	diet
fruit	prevent	scurvy	>	fruit	cure	scurvy
juice	cure	scurvy	>	vitamin	prevent	scurvy
orange	cure	scurvy	>	juice	prevent	scurvy
fruit	cure	scurvy	>	scurvy	produce on	diet
juice	inhibit	scurvy	>	diet	bring on	scurvy
scurvy	conquer by	juice	>	diet	lead to	scurvy
fruit	cure	scurvy	>	vitamin	avoid	scurvy
scurvy	manifest in	gum	>	gum	associate with	scurvy
carrot	prevent	scurvy	>	scurvy	cause by	diet
juice	use in	scurvy	>	fruit	prevent	scurvy
juice	prevent	scurvy	>	scurvy	conquer by	juice
orange	cure	scurvy	>	scurvy	conquer by	juice
haemorrhage	occur in	scurvy	>	haemorrhage	be in	scurvy
juice	prevent	scurvy	>	juice	inhibit	scurvy
diet	produce	scurvy	>	scurvy	cause by	diet
juice	inhibit	scurvy	>	diet	lead to	scurvy
fruit	prevent	scurvy	>	diet	lead to	scurvy
diet	bring	scurvy	>	scurvy	cure by	diet
juice	prevent	scurvy	>	diet	bring on	scurvy
gum	have	scurvy	>	scurvy	characterize by	gum
diet	bring	scurvy	>	scurvy	prevent by	diet
carrot	prevent	scurvy	>	fruit	cure	scurvy
juice	use in	scurvy	>	vitamin	avoid	scurvy
vitamin	avoid	scurvy	>	vitamin	prevent	scurvy
scurvy	characterize by	gum	>	scurvy	manifest in	gum
lemon	prevent	scurvy	>	juice	cure	scurvy
scurvy	conquer by	juice	>	scurvy	cure by	diet
lemon	cure	scurvy	>	scurvy	conquer by	juice
scurvy	begin with	weakness	>	scurvy	characterize by	weakness
lemon	prevent	scurvy	>	vitamin	avoid	scurvy
hemorrhage	occur in	scurvy	>	haemorrhage	accompany	scurvy
scurvy	cure by	diet	>	diet	cause	scurvy
haemorrhage	accompany	scurvy	>	hemorrhage	occur in	scurvy
juice	cure	scurvy	>	scurvy	cause by	diet
juice	inhibit	scurvy	>	fruit	cure	scurvy
scurvy	induce by	diet	>	scurvy	cause by	diet
orange	cure	scurvy	>	juice	cure	scurvy
orange	cure	scurvy	>	diet	cause	scurvy
haemorrhage	occur in	scurvy	>	hemorrhage	see in	scurvy
scurvy	characterize by	hemorrhage	>	scurvy	accompany by	hemorrhage
lemon	cure	scurvy	>	diet	cause	scurvy
juice	cure	scurvy	>	scurvy	prevent by	diet
hemorrhage	be in	scurvy	>	haemorrhage	accompany	scurvy
diet	produce	scurvy	>	scurvy	induce by	diet
lemon	cure	scurvy	>	fruit	prevent	scurvy
diet	lead to	scurvy	>	scurvy	produce on	diet
scurvy	characterize by	hemorrhage	>	haemorrhage	accompany	scurvy
diet	produce	scurvy	>	scurvy	prevent by	diet
diet	bring	scurvy	>	scurvy	cause by	diet
scurvy	characterize by	hemorrhage	>	haemorrhage	be in	scurvy
juice	inhibit	scurvy	>	diet	bring	scurvy
fruit	prevent	scurvy	>	scurvy	produce on	diet
juice	cure	scurvy	>	juice	inhibit	scurvy
diet	bring on	scurvy	>	scurvy	produce on	diet
fruit	cure	scurvy	>	scurvy	cure by	diet
scurvy	prevent by	diet	>	diet	lead to	scurvy
vitamin	prevent	scurvy	>	diet	produce	scurvy
haemorrhage	accompany	scurvy	>	haemorrhage	occur in	scurvy
orange	cure	scurvy	>	diet	produce	scurvy
gum	swell in	scurvy	>	gum	swell by	scurvy
haemorrhage	be in	scurvy	>	haemorrhage	accompany	scurvy
gum	swell by	scurvy	>	gum	associate with	scurvy
haemorrhage	accompany	scurvy	>	hemorrhage	see in	scurvy
lemon	prevent	scurvy	>	scurvy	induce by	diet
scurvy	conquer by	juice	>	vitamin	avoid	scurvy
haemorrhage	accompany	scurvy	>	scurvy	accompany by	hemorrhage
diet	lead to	scurvy	>	diet	produce	scurvy
haemorrhage	occur in	scurvy	>	hemorrhage	occur in	scurvy
diet	cause	scurvy	>	scurvy	induce by	diet
fruit	cure	scurvy	>	juice	inhibit	scurvy
fruit	cure	scurvy	>	diet	bring on	scurvy
diet	produce	scurvy	>	diet	cause	scurvy
gum	swell by	scurvy	>	gum	swell in	scurvy
gum	have	scurvy	>	scurvy	manifest in	gum
hemorrhage	see in	scurvy	>	scurvy	accompany by	hemorrhage
hemorrhage	see in	scurvy	>	haemorrhage	accompany	scurvy
lemon	cure	scurvy	>	diet	bring	scurvy
carrot	prevent	scurvy	>	diet	produce	scurvy
gum	swell in	scurvy	>	scurvy	characterize by	gum
vitamin	avoid	scurvy	>	diet	bring	scurvy
gum	associate with	scurvy	>	scurvy	characterize by	gum
juice	cure	scurvy	>	fruit	cure	scurvy
juice	prevent	scurvy	>	vitamin	prevent	scurvy
juice	prevent	scurvy	>	fruit	prevent	scurvy
fruit	prevent	scurvy	>	diet	bring	scurvy
scurvy	produce on	diet	>	scurvy	cause by	diet
scurvy	cause by	diet	>	scurvy	produce on	diet
juice	use in	scurvy	>	vitamin	prevent	scurvy
orange	cure	scurvy	>	scurvy	prevent by	diet
scurvy	induce by	diet	>	diet	cause	scurvy
scurvy	characterize by	hemorrhage	>	haemorrhage	occur in	scurvy
scurvy	cure by	diet	>	scurvy	prevent by	diet
vitamin	avoid	scurvy	>	scurvy	cure by	diet
fruit	prevent	scurvy	>	diet	bring on	scurvy
diet	lead to	scurvy	>	scurvy	cure by	diet
diet	cause	scurvy	>	scurvy	cause by	diet
scurvy	characterize by	hemorrhage	>	hemorrhage	be in	scurvy
fruit	cure	scurvy	>	juice	cure	scurvy
scurvy	produce on	diet	>	diet	produce	scurvy
lemon	prevent	scurvy	>	diet	produce	scurvy
diet	produce	scurvy	>	diet	bring on	scurvy
haemorrhage	occur in	scurvy	>	hemorrhage	be in	scurvy
scurvy	conquer by	juice	>	juice	use in	scurvy
juice	inhibit	scurvy	>	fruit	prevent	scurvy
juice	use in	scurvy	>	diet	bring	scurvy
scurvy	cause by	diet	>	diet	bring on	scurvy
diet	cause	scurvy	>	diet	bring	scurvy
fruit	prevent	scurvy	>	vitamin	prevent	scurvy
scurvy	prevent by	diet	>	scurvy	induce by	diet
vitamin	avoid	scurvy	>	scurvy	produce on	diet
diet	lead to	scurvy	>	diet	bring on	scurvy
orange	cure	scurvy	>	fruit	cure	scurvy
lemon	cure	scurvy	>	scurvy	prevent by	diet
lemon	cure	scurvy	>	scurvy	induce by	diet
gum	swell in	scurvy	>	gum	have	scurvy
gum	associate with	scurvy	>	gum	have	scurvy
scurvy	cure by	diet	>	scurvy	cause by	diet
juice	cure	scurvy	>	juice	prevent	scurvy
fruit	prevent	scurvy	>	diet	cause	scurvy
juice	cure	scurvy	>	scurvy	conquer by	juice
diet	cause	scurvy	>	scurvy	cure by	diet
orange	cure	scurvy	>	scurvy	cause by	diet
gum	swell by	scurvy	>	scurvy	characterize by	gum
scurvy	conquer by	juice	>	diet	bring on	scurvy
vitamin	prevent	scurvy	>	diet	lead to	scurvy
juice	cure	scurvy	>	fruit	prevent	scurvy
juice	prevent	scurvy	>	scurvy	induce by	diet
lemon	prevent	scurvy	>	fruit	prevent	scurvy
vitamin	prevent	scurvy	>	scurvy	cause by	diet
scurvy	accompany by	hemorrhage	>	hemorrhage	occur in	scurvy
juice	use in	scurvy	>	scurvy	induce by	diet
juice	inhibit	scurvy	>	vitamin	avoid	scurvy
fruit	cure	scurvy	>	vitamin	prevent	scurvy
scurvy	conquer by	juice	>	fruit	cure	scurvy
haemorrhage	occur in	scurvy	>	scurvy	accompany by	hemorrhage
diet	cause	scurvy	>	scurvy	produce on	diet
scurvy	cause by	diet	>	scurvy	prevent by	diet
juice	prevent	scurvy	>	scurvy	produce on	diet
orange	cure	scurvy	>	scurvy	produce on	diet
fruit	cure	scurvy	>	juice	use in	scurvy
scurvy	produce on	diet	>	diet	cause	scurvy
lemon	cure	scurvy	>	lemon	prevent	scurvy
orange	cure	scurvy	>	scurvy	cure by	diet
diet	lead to	scurvy	>	diet	cause	scurvy
diet	produce	scurvy	>	scurvy	produce on	diet
diet	bring	scurvy	>	scurvy	produce on	diet
scurvy	prevent by	diet	>	diet	cause	scurvy
juice	inhibit	scurvy	>	scurvy	prevent by	diet
hemorrhage	occur in	scurvy	>	scurvy	characterize by	hemorrhage
juice	inhibit	scurvy	>	scurvy	cure by	diet
juice	prevent	scurvy	>	vitamin	avoid	scurvy
juice	use in	scurvy	>	juice	inhibit	scurvy
juice	use in	scurvy	>	diet	bring on	scurvy
hemorrhage	see in	scurvy	>	scurvy	characterize by	hemorrhage
scurvy	induce by	diet	>	scurvy	cure by	diet
juice	cure	scurvy	>	scurvy	cure by	diet
fruit	prevent	scurvy	>	scurvy	induce by	diet
scurvy	prevent by	diet	>	scurvy	produce on	diet
juice	prevent	scurvy	>	fruit	cure	scurvy
lemon	cure	scurvy	>	diet	lead to	scurvy
diet	cause	scurvy	>	diet	lead to	scurvy
hemorrhage	be in	scurvy	>	scurvy	accompany by	hemorrhage
juice	prevent	scurvy	>	diet	cause	scurvy
hemorrhage	be in	scurvy	>	hemorrhage	see in	scurvy
gum	swell by	scurvy	>	gum	have	scurvy
diet	bring on	scurvy	>	diet	cause	scurvy
diet	bring on	scurvy	>	diet	produce	scurvy
orange	cure	scurvy	>	diet	lead to	scurvy
haemorrhage	accompany	scurvy	>	hemorrhage	be in	scurvy
haemorrhage	occur in	scurvy	>	haemorrhage	accompany	scurvy
scurvy	cure by	diet	>	diet	lead to	scurvy
scurvy	induce by	diet	>	scurvy	produce on	diet
lemon	prevent	scurvy	>	diet	cause	scurvy
scurvy	conquer by	juice	>	scurvy	prevent by	diet
vitamin	avoid	scurvy	>	diet	cause	scurvy
carrot	prevent	scurvy	>	scurvy	produce on	diet
lemon	cure	scurvy	>	diet	bring on	scurvy
lemon	cure	scurvy	>	juice	cure	scurvy
scurvy	accompany by	hemorrhage	>	hemorrhage	be in	scurvy
vitamin	prevent	scurvy	>	diet	cause	scurvy
lemon	cure	scurvy	>	scurvy	produce on	diet
juice	use in	scurvy	>	scurvy	conquer by	juice
fruit	prevent	scurvy	>	juice	use in	scurvy
juice	prevent	scurvy	>	scurvy	cure by	diet
