transfusion	be in	anemia
transfusion	relieve	anemia
transfusion	indicate in	anemia
anemia	relieve by	transfusion
transfusion	indicate for	anemia
transfusion	use for	anemia
anemia	treat with	transfusion
transfusion	give with	anemia
transfusion	need for	anemia
anemia	call for	transfusion
transfusion	administer for	anemia
anemia	correct with	transfusion
transfusion	improve	anemia
anemia	require	transfusion
transfusion	correct	anemia
anemia	correct by	transfusion
transfusion	require in	anemia
transfusion	require for	anemia
transfusion	give for	anemia
anemia	treat by	transfusion
anemia	correct with	iron
anemia	result from	iron
iron	cause	anemia
iron	increase in	anemia
iron	indicate for	anemia
anemia	associate with	iron
iron	absorb in	anemia
anemia	characterize by	iron
iron	prevent	anemia
iron	decrease in	anemia
iron	regard in	anemia
iron	indicate in	anemia
anemia	treat with	iron
iron	cure	anemia
anemia	cause by	iron
anemia	benefit by	iron
iron	give in	anemia
iron	use for	anemia
iron	produce	anemia
iron	give for	anemia
anemia	require	iron
anemia	respond to	iron
anemia	correct by	iron
iron	be in	anemia
anemia	treat by	iron
iron	correct	anemia
anemia	necessitate	iron
iron	use in	anemia
hemorrhage	lead to	anemia
anemia	occur after	hemorrhage
hemorrhage	occur in	anemia
anemia	cause by	hemorrhage
anemia	develop from	hemorrhage
anemia	follow	hemorrhage
anemia	suggest	hemorrhage
anemia	cause	hemorrhage
hemorrhage	result in	anemia
hemorrhage	produce	anemia
anemia	mean	hemorrhage
anemia	due to	hemorrhage
anemia	result from	hemorrhage
hemorrhage	be in	anemia
hemorrhage	associate with	anemia
hemorrhage	cause	anemia
hemorrhage	suggest	anemia
anemia	associate with	hemorrhage
anemia	observe after	hemorrhage
leukemia	associate with	anemia
anemia	associate with	leukemia
leukemia	masquerade as	anemia
leukemia	cause	anemia
anemia	accompany	leukemia
leukemia	present	anemia
anemia	terminate in	leukemia
anemia	find in	leukemia
leukemia	simulate	anemia
leukemia	present as	anemia
anemia	be in	leukemia
anemia	occur in	leukemia
anemia	occur in	pregnancy
anemia	develop during	pregnancy
anemia	complicate by	pregnancy
anemia	be in	pregnancy
anemia	observe during	pregnancy
anemia	be during	pregnancy
anemia	occur during	pregnancy
anemia	cause during	pregnancy
anemia	encounter during	pregnancy
anemia	complicate	pregnancy
pregnancy	associate with	anemia
pregnancy	complicate by	anemia
pregnancy	cause	anemia
anemia	associate with	pregnancy
anemia	improve by	splenectomy
splenectomy	alleviate	anemia
anemia	cure by	splenectomy
splenectomy	improve	anemia
splenectomy	indicate for	anemia
anemia	respond to	splenectomy
splenectomy	cure	anemia
splenectomy	relieve	anemia
anemia	treat by	splenectomy
splenectomy	eliminate	anemia
splenectomy	correct	anemia
anemia	treat with	splenectomy
anemia	relieve by	splenectomy
splenectomy	perform for	anemia
splenectomy	ameliorate	anemia
pallor	indicate	anemia
anemia	manifest by	pallor
anemia	characterize by	pallor
anemia	result in	pallor
pallor	see in	anemia
anemia	cause	pallor
pallor	associate with	anemia
pallor	accompany	anemia
anemia	suggest by	pallor
pallor	denote	anemia
anemia	produce	pallor
anemia	evidence by	pallor
anemia	recognize by	pallor
pallor	suggest	anemia
pallor	result from	anemia
pallor	cause by	anemia
bleeding	cause	anemia
anemia	see with	bleeding
bleeding	associate with	anemia
anemia	associate with	bleeding
anemia	cause by	bleeding
bleeding	manifest as	anemia
bleeding	produce	anemia
bleeding	result in	anemia
anemia	result from	bleeding
anemia	be of	bleeding
bleeding	lead to	anemia
anemia	result from	hemolysis
hemolysis	associate with	anemia
hemolysis	result in	anemia
hemolysis	cause	anemia
anemia	characterize by	hemolysis
anemia	cause by	hemolysis
anemia	develop of	hemolysis
anemia	associate with	hemolysis
anemia	distinguish from	hemolysis
hemolysis	contribute to	anemia
hemolysis	produce	anemia
hemolysis	explain	anemia
anemia	be to	hemolysis
hemolysis	lead to	anemia
anemia	cure by	diet
diet	cause	anemia
anemia	treat with	diet
anemia	feed	diet
diet	develop	anemia
anemia	treat by	diet
diet	produce	anemia
anemia	prevent by	diet
anemia	cause by	diet
anemia	require	diet
fatigue	associate with	anemia
anemia	associate with	fatigue
fatigue	cause by	anemia
fatigue	result from	anemia
anemia	cause	fatigue
anemia	lead to	fatigue
anemia	contribute to	fatigue
anemia	characterize by	fatigue
fatigue	relate to	anemia
anemia	result in	fatigue
anemia	manifest by	fatigue
anemia	cause	pancytopenia
anemia	involve	pancytopenia
anemia	characterize by	pancytopenia
anemia	define as	pancytopenia
erythropoietin	correct	anemia
anemia	correct with	erythropoietin
anemia	treat with	erythropoietin
erythropoietin	associate	anemia
erythropoietin	use for	anemia
erythropoietin	reduce	anemia
achlorhydria	precede	anemia
achlorhydria	find in	anemia
achlorhydria	occur in	anemia
achlorhydria	associate with	anemia
anemia	associate with	achlorhydria
achlorhydria	be in	anemia
ulcer	produce	anemia
ulcer	occur in	anemia
ulcer	be in	anemia
thalassemia	produce	anemia
thalassemia	cause	anemia
thalassemia	associate with	anemia
anemia	associate with	thalassemia
thalassemia	have	anemia
thalassemia	characterize by	anemia
erythrocyte	occur in	anemia
anemia	associate with	erythrocyte
anemia	characterize by	erythrocyte
erythrocyte	find in	anemia
parasite	produce	anemia
anemia	relate	parasite
parasite	lead to	anemia
parasite	cause	anemia
tapeworm	develop	anemia
tapeworm	associate with	anemia
tapeworm	produce	anemia
tapeworm	cause	anemia
tapeworm	precipitate	anemia
removal	follow by	anemia
purpura	accompany by	anemia
purpura	acquire	anemia
purpura	associate with	anemia
purpura	characterize by	anemia
