dehydration	require	fluid
dehydration	draw into	fluid
fluid	overcome	dehydration
fluid	give to	dehydration
dehydration	treat by	fluid
dehydration	treat with	fluid
dehydration	correct with	fluid
dehydration	correct by	fluid
fluid	prevent	dehydration
dehydration	tolerate	fluid
fluid	treat	dehydration
fluid	correct	dehydration
fluid	require for	dehydration
fluid	lead to	dehydration
dehydration	occur after	vomiting
dehydration	be of	vomiting
vomiting	result in	dehydration
vomiting	increase	dehydration
dehydration	cause by	vomiting
vomiting	cause	dehydration
vomiting	produce	dehydration
dehydration	result from	vomiting
vomiting	lead to	dehydration
diarrhea	produce	dehydration
diarrhea	cause	dehydration
dehydration	result from	diarrhea
diarrhea	associate with	dehydration
diarrhea	result in	dehydration
diarrhea	be in	dehydration
diarrhea	lead to	dehydration
dehydration	produce	thirst
dehydration	stimulate	thirst
dehydration	create	thirst
dehydration	cause	thirst
dehydration	characterize by	thirst
dehydration	draw	water
water	prevent	dehydration
water	remove by	dehydration
dehydration	remove	water
water	form by	dehydration
water	lead to	dehydration
dehydration	induce by	heat
heat	result in	dehydration
heat	cause	dehydration
fever	produce by	dehydration
dehydration	develop in	fever
dehydration	accompany by	fever
fever	cause	dehydration
fever	lead to	dehydration
dehydration	occur in	fever
dehydration	cause	fever
death	cause by	dehydration
dehydration	cause	death
death	follow	dehydration
death	occur from	dehydration
death	result from	dehydration
dehydration	lead to	death
death	occur to	dehydration
dehydration	result in	death
hypernatremia	indicate	dehydration
dehydration	accompany by	hypernatremia
hypernatremia	see with	dehydration
dehydration	induce	hypernatremia
hypernatremia	cause	dehydration
hypernatremia	associate with	dehydration
hypernatremia	cause by	dehydration
diuresis	result in	dehydration
diuresis	cause	dehydration
diuresis	produce	dehydration
dehydration	cause by	diuresis
diuresis	lead to	dehydration
diuresis	promote	dehydration
dehydration	carry in	alcohol
alcohol	cause	dehydration
alcohol	contribute to	dehydration
alcohol	undergo	dehydration
dehydration	accomplish in	alcohol
alcohol	use for	dehydration
dehydration	effect with	alcohol
dehydration	produce	hypotension
hypotension	cause by	dehydration
hypotension	indicate	dehydration
dehydration	cause	hypotension
dehydration	lead to	hypotension
exhaustion	cause by	dehydration
dehydration	cause	exhaustion
dehydration	cause	thrombosis
thrombosis	cause by	dehydration
dehydration	correct with	saline
dehydration	treat with	saline
saline	correct	dehydration
dehydration	relieve by	saline
dryness	occur with	dehydration
dryness	see in	dehydration
dryness	cause by	dehydration
dehydration	cause	dryness
dryness	indicate	dehydration
chloride	use for	dehydration
chloride	produce	dehydration
nausea	lead to	dehydration
nausea	produce	dehydration
nausea	cause	dehydration
nausea	result in	dehydration
dehydration	treat by	infusion
dehydration	treat with	infusion
dehydration	correct by	infusion
dehydration	prevent by	infusion
hemoconcentration	occur with	dehydration
dehydration	lead to	hemoconcentration
dehydration	cause	hemoconcentration
dehydration	result in	hemoconcentration
cramp	relate to	dehydration
dehydration	lead to	cramp
dehydration	cause	cramp
cramp	cause by	dehydration
dehydration	produce	constipation
dehydration	cause	constipation
dehydration	result in	constipation
constipation	cause by	dehydration
people	die of	dehydration
dehydration	increase	osmolality
dehydration	increase above	osmolality
dehydration	cause	fatigue
dehydration	lead to	fatigue
diuretic	aggravate	dehydration
diuretic	cause	dehydration
diuretic	lead to	dehydration
diarrhoea	result in	dehydration
diarrhoea	cause	dehydration
diarrhoea	lead to	dehydration
dehydration	catalyze by	anhydrase
anhydrase	catalyze	dehydration
acidosis	accompany	dehydration
dehydration	result in	acidosis
dehydration	accompany by	acidosis
dehydration	cause	toxicity
sweating	lead to	dehydration
sweating	cause	dehydration
polyuria	cause	dehydration
polyuria	lead to	dehydration
person	die of	dehydration
person	suffer from	dehydration
dehydration	kill	million
dehydration	slow	metabolism
ketoacidosis	characterize by	dehydration
ketoacidosis	exacerbate	dehydration
dehydration	lead to	hypovolemia
dehydration	cause	hypovolemia
hyperglycemia	associate with	dehydration
hyperglycemia	lead to	dehydration
heptahydrate	form by	dehydration
hematocrit	elevate to	dehydration
dehydration	cause	headache
dehydration	lead to	headache
gingivostomatitis	result in	dehydration
dehydration	lead to	confusion
dehydration	cause	confusion
dehydration	precipitate	coma
dehydration	lead to	coma
dehydration	mask	anemia
anemia	mask by	dehydration
dehydration	cause	weakness
dehydration	interrupt	sleep
polycythemia	cause by	dehydration
dehydration	thicken	mucus
laxative	cause	dehydration
insipidus	result in	dehydration
hyperglycaemia	lead to	dehydration
hydration	prevent	dehydration
dehydration	raise	hemoglobin
gravidarum	characterize by	dehydration
exercise	lead to	dehydration
enolase	catalyze	dehydration
dysphagia	lead to	dehydration
dehydration	cause	depression
dehydration	cause	delirium
dehydration	accompany by	convulsion
colitis	lead to	dehydration
cathartic	cause	dehydration
dehydration	catalyze by	aconitase
