testosterone	use in	men
men	be of	testosterone
testosterone	be for	men
men	have	testosterone
testosterone	find in	men
men	make	testosterone
men	treat with	testosterone
testosterone	increase in	men
men	produce	testosterone
men	give	testosterone
testosterone	decrease in	men
men	secrete	testosterone
testosterone	give to	men
testosterone	be in	men
testosterone	improve in	men
dihydrotestosterone	form from	testosterone
dihydrotestosterone	produce from	testosterone
testosterone	convert into	dihydrotestosterone
testosterone	reduce to	dihydrotestosterone
testosterone	convert to	dihydrotestosterone
testosterone	metabolize to	dihydrotestosterone
woman	give	testosterone
testosterone	prescribe for	woman
woman	make	testosterone
woman	have	testosterone
testosterone	give to	woman
woman	treat with	testosterone
testosterone	improve in	woman
testosterone	use in	woman
woman	take	testosterone
testosterone	find in	woman
woman	produce	testosterone
testosterone	secrete in	testis
testosterone	synthesize in	testis
testosterone	produce in	testis
testis	produce	testosterone
testosterone	isolate from	testis
testis	release	testosterone
testis	secrete	testosterone
testis	make	testosterone
testis	synthesize	testosterone
testosterone	produce by	testis
testis	manufacture	testosterone
testosterone	convert in	testis
testosterone	secrete by	testis
testosterone	synthesize by	testis
testosterone	make by	testis
testosterone	secrete from	testis
testosterone	use in	male
male	steroid	testosterone
male	have	testosterone
testosterone	be in	male
male	produce	testosterone
male	treat with	testosterone
testosterone	give to	male
hormone	identify as	testosterone
hormone	include	testosterone
hormone	call	testosterone
testosterone	regard as	hormone
testosterone	know as	hormone
testosterone	act as	hormone
testosterone	convert to	hormone
hormone	know as	testosterone
hormone	convert into	testosterone
testosterone	convert into	hormone
hormone	resemble	testosterone
testosterone	associate with	aggression
testosterone	affect	aggression
testosterone	link to	aggression
testosterone	increase	aggression
testosterone	foster	aggression
testosterone	cause	aggression
testosterone	generate	aggression
testosterone	implicate in	aggression
testosterone	relate to	aggression
testosterone	facilitate	aggression
body	contain	testosterone
body	convert	testosterone
body	conserve	testosterone
testosterone	metabolize in	body
body	produce	testosterone
body	create	testosterone
testosterone	inhibit	spermatogenesis
testosterone	require for	spermatogenesis
testosterone	promote	spermatogenesis
spermatogenesis	maintain by	testosterone
testosterone	stimulate	spermatogenesis
testosterone	maintain	spermatogenesis
spermatogenesis	stimulate by	testosterone
testosterone	suppress	spermatogenesis
testosterone	restore	spermatogenesis
female	treat with	testosterone
testosterone	use in	female
female	expose to	testosterone
female	have	testosterone
female	give	testosterone
female	produce	testosterone
testosterone	convert	androgen
androgen	include	testosterone
testosterone	give to	androgen
testosterone	metabolize to	androgen
testosterone	convert to	androgen
androgen	undergo to	testosterone
androgen	convert to	testosterone
testosterone	reduce to	androgen
testosterone	release into	blood
testosterone	identify in	blood
testosterone	diffuse from	blood
testosterone	secrete into	blood
testosterone	find in	blood
testosterone	circulate in	blood
testosterone	carry in	blood
testosterone	transport in	blood
testosterone	enter	blood
testosterone	decrease with	age
testosterone	decline with	age
testosterone	metabolize in	liver
testosterone	inactivate by	liver
testosterone	metabolize by	liver
testosterone	convert by	liver
testosterone	convert in	liver
estradiol	derive from	testosterone
estradiol	produce from	testosterone
estradiol	form from	testosterone
testosterone	metabolize to	estradiol
testosterone	convert to	estradiol
testosterone	convert into	estradiol
boy	produce	testosterone
boy	have	testosterone
boy	treat with	testosterone
testosterone	give to	boy
androstenedione	reduce to	testosterone
testosterone	derive from	androstenedione
androstenedione	convert to	testosterone
androstenedione	metabolize to	testosterone
androstenedione	convert into	testosterone
testosterone	convert to	androstenedione
testosterone	manufacture in	testicle
testicle	produce	testosterone
testosterone	produce by	testicle
testosterone	produce in	testicle
testosterone	metabolize by	reductase
testosterone	convert by	reductase
reductase	convert	testosterone
testosterone	reduce by	reductase
testosterone	detect in	plasma
testosterone	transport in	plasma
testosterone	circulate in	plasma
testosterone	identify in	plasma
ovary	produce	testosterone
testosterone	produce in	ovary
testosterone	produce by	ovary
ovary	secrete	testosterone
testosterone	secrete by	ovary
testosterone	influence	libido
testosterone	increase	libido
testosterone	bind to	globulin
testosterone	bind	globulin
globulin	bind	testosterone
testosterone	transport by	globulin
testosterone	reduce to	dht
testosterone	metabolize to	dht
testosterone	convert to	dht
testosterone	convert into	dht
dht	form from	testosterone
testosterone	secrete into	circulation
testosterone	leave	circulation
testosterone	release into	circulation
testosterone	enter	circulation
testosterone	synthesize from	cholesterol
testosterone	prepare from	cholesterol
testosterone	make from	cholesterol
testosterone	derive from	cholesterol
testosterone	act on	brain
brain	convert	testosterone
testosterone	convert in	brain
testosterone	enter	brain
testosterone	increase in	brain
steroid	derive from	testosterone
steroid	relate to	testosterone
testosterone	bind to	shbg
shbg	bind	testosterone
hypogonadism	treat with	testosterone
testosterone	see in	hypogonadism
testosterone	cause	hypertrophy
hypertrophy	cause by	testosterone
testosterone	produce	hypertrophy
estrogen	form from	testosterone
testosterone	convert to	estrogen
testosterone	convert into	estrogen
cortex	produce	testosterone
cortex	secrete	testosterone
testosterone	produce by	cortex
testosterone	absorb into	bloodstream
testosterone	secrete into	bloodstream
testosterone	release into	bloodstream
testosterone	convert into	androsterone
testosterone	convert to	androsterone
testosterone	metabolize to	androsterone
testosterone	excrete as	androsterone
testosterone	excrete in	urine
testosterone	find in	urine
tumor	secrete	testosterone
tumor	produce	testosterone
testosterone	measure by	radioimmunoassay
testosterone	determine by	radioimmunoassay
testosterone	improve	mood
testosterone	produce	masculinization
testosterone	cause	masculinization
testosterone	influence	hypothalamus
testosterone	feed to	hypothalamus
gonad	produce	testosterone
gonad	secrete	testosterone
testosterone	cause	cancer
testosterone	observe for	cancer
testosterone	use by	athlete
athlete	use	testosterone
virilization	cause by	testosterone
testosterone	promote	virilization
stress	alter	testosterone
sarsaparilla	contain	testosterone
testosterone	convert in	prostate
testosterone	have on	prostate
progesterone	combine with	testosterone
progesterone	convert to	testosterone
nicotine	affect	testosterone
metabolism	inhibit by	testosterone
testosterone	undergo	metabolism
testosterone	suppress	menstruation
testosterone	stimulate	maturation
testosterone	promote	maturation
impotence	treat by	testosterone
ginseng	increase	testosterone
dhea	convert into	testosterone
dhea	convert to	testosterone
testosterone	convert by	aromatization
aromatase	convert	testosterone
testosterone	convert by	aromatase
testosterone	associate with	aggressiveness
testosterone	give during	adolescence
testosterone	serve as	prohormone
progestogen	combine with	testosterone
pregnenolone	convert to	testosterone
testosterone	convert to	oestradiol
testosterone	affect	neuron
testosterone	improve	memory
testosterone	metabolize to	ketosteroid
immunocompetence	suppress by	testosterone
testosterone	measure by	immunoassay
testosterone	cause	hyperplasia
testosterone	perturb	homeostasis
testosterone	produce with	hirsutism
testosterone	use for	hemostasis
hcg	elicit in	testosterone
testosterone	reduce	fear
exercise	increase	testosterone
testosterone	stimulate	erythropoiesis
testosterone	stimulate into	epididymis
dehydroepiandrosterone	convert to	testosterone
testosterone	stimulate	angiogenesis
testosterone	induce in	anemia
testosterone	increase	anabolism
testosterone	cause	acne
abp	bind	testosterone
