scarring	occur with	acne	>	acne	result in	scarring
acne	scar	face	>	acne	occur on	face
acne	begin at	puberty	>	acne	suspect in	teenager
acne	break on	face	>	acne	be on	face
acne	occur in	adolescence	>	acne	appear about	puberty
face	be with	acne	>	acne	appear upon	skin
face	cover with	acne	>	skin	cover with	acne
acne	consist of	blackhead	>	acne	consist of	comedo
acne	occur on	face	>	acne	appear upon	skin
antibiotic	use in	acne	>	acne	require	antibiotic
acne	confine to	face	>	acne	develop on	face
teenager	have	acne	>	acne	be during	adolescence
teenager	have	acne	>	adolescent	develop	acne
acne	occur on	face	>	acne	affect	face
acne	be on	face	>	acne	develop on	face
acne	be in	teenager	>	acne	affect	adolescent
face	be with	acne	>	acne	occur on	face
acne	occur during	adolescence	>	acne	affect	adolescent
acne	appear about	face	>	acne	break on	face
acne	affect	face	>	acne	break on	face
hirsutism	associate with	acne	>	hirsutism	accompany by	acne
isotretinoin	use for	acne	>	acne	treat with	antibiotic
acne	begin at	puberty	>	acne	be in	teenager
acne	occur on	face	>	acne	scatter about	face
acne	break on	face	>	acne	find on	face
acne	occur during	adolescence	>	acne	be in	adolescence
acne	occur in	adolescence	>	acne	be in	teenager
acne	be in	adolescence	>	acne	suspect in	teenager
face	scar with	acne	>	acne	lead to	scarring
face	be with	acne	>	acne	cover	face
face	scar with	acne	>	skin	cover with	acne
pustule	encounter in	acne	>	acne	consist of	papule
face	cover with	acne	>	acne	develop on	face
acne	occur during	adolescence	>	acne	begin at	puberty
acne	develop on	face	>	acne	appear on	face
acne	appear at	puberty	>	acne	suspect in	teenager
acne	find on	face	>	acne	be on	face
acne	affect	adolescent	>	acne	appear at	puberty
acne	see on	chin	>	acne	involve	face
face	cover with	acne	>	acne	appear on	face
acne	scatter about	face	>	face	cover with	acne
acne	see on	face	>	acne	affect	face
acne	appear about	puberty	>	teenager	have	acne
acne	cause by	diet	>	diet	affect	acne
face	scar with	acne	>	acne	see on	face
acne	develop in	teenager	>	adolescent	develop	acne
acne	find on	face	>	acne	involve	face
acne	be on	face	>	skin	examine for	acne
acne	consist of	papule	>	acne	consist of	blackhead
acne	break on	face	>	acne	occur on	face
acne	confine to	face	>	acne	be on	face
acne	consist of	papule	>	acne	characterize by	papule
acne	see on	face	>	acne	cover	face
face	be with	acne	>	skin	cover with	acne
acne	develop on	face	>	acne	break on	face
acne	occur on	face	>	acne	break on	face
isotretinoin	combat	acne	>	acne	treat with	isotretinoin
acne	appear on	face	>	acne	find on	face
pill	decrease	acne	>	pill	improve	acne
acne	lead to	scarring	>	acne	result in	scarring
adolescent	develop	acne	>	acne	begin at	puberty
acne	occur during	adolescence	>	acne	occur in	adolescence
acne	cover	face	>	face	cover with	acne
acne	begin at	puberty	>	acne	occur in	adolescence
acne	confine to	face	>	acne	appear about	face
acne	develop in	teenager	>	acne	suspect in	teenager
acne	involve	face	>	acne	confine to	face
face	scar with	acne	>	acne	appear upon	skin
acne	appear at	puberty	>	acne	appear about	puberty
acne	appear about	puberty	>	acne	begin at	puberty
acne	be on	face	>	acne	appear about	face
acne	be in	teenager	>	acne	appear about	puberty
acne	cover	face	>	acne	develop on	face
acne	scar	face	>	acne	leave	scar
face	cover in	acne	>	skin	cover with	acne
adolescent	have	acne	>	acne	be in	teenager
acne	appear on	face	>	acne	appear about	face
acne	appear about	face	>	acne	appear on	face
skin	cover with	acne	>	acne	appear upon	skin
acne	develop in	teenager	>	acne	affect	adolescent
acne	develop in	teenager	>	acne	occur during	adolescence
acne	occur in	adolescence	>	adolescent	have	acne
acne	occur during	adolescence	>	acne	appear at	puberty
acne	be in	adolescence	>	acne	occur during	adolescence
acne	involve	face	>	face	cover in	acne
face	scar with	acne	>	acne	scatter about	face
acne	be during	adolescence	>	acne	appear at	puberty
acne	affect	face	>	skin	cover with	acne
acne	cause by	uncleanliness	>	dirt	aggravate	acne
acne	be on	face	>	acne	find on	face
acne	cover	face	>	skin	examine for	acne
acne	result in	scarring	>	scarring	occur with	acne
teen	have	acne	>	acne	occur in	adolescence
acne	develop on	face	>	skin	cover with	acne
face	cover with	acne	>	acne	occur on	face
acne	be on	face	>	acne	affect	face
acne	be on	face	>	face	be with	acne
acne	involve	face	>	acne	cover	face
acne	treat with	isotretinoin	>	isotretinoin	use for	acne
face	scar with	acne	>	acne	occur on	face
acne	confine to	face	>	face	be with	acne
acne	be in	adolescence	>	teenager	have	acne
acne	leave	scar	>	scarring	occur with	acne
acne	be during	adolescence	>	teenager	have	acne
acne	break on	face	>	face	cover with	acne
acne	occur during	adolescence	>	acne	appear about	puberty
acne	be in	teenager	>	teenager	have	acne
acne	appear about	face	>	acne	develop on	face
acne	scar	face	>	acne	scatter about	face
acne	affect	adolescent	>	acne	develop in	teenager
acne	affect	face	>	acne	develop on	face
acne	develop on	face	>	acne	see on	face
acne	begin at	puberty	>	acne	occur during	adolescence
acne	begin at	puberty	>	acne	affect	adolescent
acne	confine to	face	>	face	cover with	acne
isotretinoin	reserve for	acne	>	antibiotic	use for	acne
acne	scar	face	>	acne	lead to	scarring
acne	be on	face	>	acne	occur on	face
acne	be in	teenager	>	acne	develop in	teenager
pill	clear	acne	>	contraceptive	improve	acne
acne	be during	adolescence	>	acne	affect	adolescent
acne	confine to	face	>	acne	occur on	face
acne	characterize by	papule	>	acne	consist of	papule
antibiotic	use for	acne	>	acne	treat with	antibiotic
face	scar with	acne	>	acne	break on	face
face	scar by	acne	>	scar	result from	acne
acne	begin at	puberty	>	acne	be during	adolescence
isotretinoin	use for	acne	>	acne	treat with	isotretinoin
acne	appear on	face	>	acne	be on	face
face	cover in	acne	>	acne	appear on	face
acne	characterize by	comedo	>	acne	consist of	blackhead
adolescent	have	acne	>	acne	appear about	puberty
pill	clear	acne	>	pill	decrease	acne
acne	confine to	face	>	acne	scatter about	face
teenager	have	acne	>	acne	be in	teenager
acne	appear about	face	>	skin	cover with	acne
acne	cause by	dirt	>	dirt	aggravate	acne
acne	appear on	face	>	acne	involve	face
hirsutism	associate with	acne	>	acne	accompany	hirsutism
acne	result in	scarring	>	scar	result from	acne
acne	break on	face	>	acne	appear about	face
acne	appear at	puberty	>	adolescent	have	acne
acne	scar	face	>	face	be with	acne
acne	develop in	teenager	>	acne	be in	adolescence
acne	appear on	face	>	face	cover with	acne
acne	occur during	adolescence	>	adolescent	have	acne
acne	cover	face	>	acne	scatter about	face
acne	occur on	face	>	acne	cover	face
acne	cause by	chocolate	>	chocolate	aggravate	acne
adolescent	have	acne	>	teen	have	acne
acne	affect	face	>	acne	see on	face
acne	appear about	face	>	acne	see on	face
scarring	occur with	acne	>	acne	leave	scar
acne	occur during	adolescence	>	acne	develop in	teenager
acne	scatter about	face	>	face	be with	acne
acne	begin at	puberty	>	acne	appear about	puberty
acne	treat with	antibiotic	>	acne	require	antibiotic
acne	begin at	puberty	>	acne	develop in	teenager
chocolate	cause	acne	>	acne	cause by	chocolate
acne	occur on	face	>	acne	appear about	face
acne	cover	face	>	acne	occur on	face
acne	affect	adolescent	>	acne	be in	teenager
pill	decrease	acne	>	pill	clear	acne
dapsone	reserve for	acne	>	acne	require	antibiotic
acne	find on	face	>	acne	develop on	face
acne	occur on	face	>	acne	be on	face
isotretinoin	combat	acne	>	antibiotic	use for	acne
acne	be in	teenager	>	acne	suspect in	teenager
acne	involve	face	>	face	be with	acne
antibiotic	use in	acne	>	antibiotic	use for	acne
acne	cover	face	>	acne	see on	face
face	scar with	acne	>	skin	examine for	acne
acne	develop in	teenager	>	acne	be in	teenager
acne	characterize by	comedo	>	acne	consist of	papule
adolescent	develop	acne	>	acne	occur in	adolescence
acne	suspect in	teenager	>	teenager	have	acne
acne	appear about	puberty	>	acne	be during	adolescence
teen	have	acne	>	acne	suspect in	teenager
acne	involve	face	>	acne	appear on	face
acne	occur on	face	>	acne	confine to	face
acne	cover	face	>	face	be with	acne
acne	scar	face	>	face	scar by	acne
face	be with	acne	>	acne	confine to	face
isotretinoin	reserve for	acne	>	acne	treat with	antibiotic
acne	suspect in	teenager	>	acne	occur in	adolescence
acne	involve	face	>	acne	see on	face
acne	affect	face	>	acne	scatter about	face
acne	appear about	face	>	face	cover with	acne
acne	see on	face	>	acne	scatter about	face
acne	consist of	blackhead	>	acne	characterize by	comedo
acne	break on	face	>	acne	scatter about	face
acne	leave	scar	>	scar	result from	acne
acne	suspect in	teenager	>	acne	be in	teenager
face	scar by	acne	>	acne	find on	face
isotretinoin	combat	acne	>	isotretinoin	reserve for	acne
acne	scatter about	face	>	acne	see on	face
acne	appear about	face	>	face	be with	acne
teen	have	acne	>	acne	appear about	puberty
acne	be in	teenager	>	adolescent	develop	acne
acne	develop in	teenager	>	acne	occur in	adolescence
androstenedione	cause	acne	>	androgen	cause	acne
acne	accompany	hirsutism	>	hirsutism	accompany by	acne
pustule	encounter in	acne	>	acne	consist of	blackhead
acne	scar	face	>	acne	appear on	face
acne	characterize by	comedo	>	acne	consist of	comedo
face	scar by	acne	>	face	cover in	acne
acne	occur in	adolescence	>	acne	be in	adolescence
hirsutism	accompany by	acne	>	hirsutism	associate with	acne
adolescent	develop	acne	>	acne	be during	adolescence
adolescent	have	acne	>	acne	develop in	teenager
acne	be in	teenager	>	acne	be in	adolescence
acne	see on	face	>	acne	confine to	face
acne	involve	face	>	acne	affect	face
acne	be during	adolescence	>	acne	appear about	puberty
acne	appear at	puberty	>	acne	develop in	teenager
acne	affect	adolescent	>	adolescent	develop	acne
acne	involve	face	>	acne	be on	face
acne	develop on	face	>	face	cover with	acne
teen	have	acne	>	acne	be in	adolescence
acne	confine to	face	>	acne	appear on	face
acne	scatter about	face	>	acne	confine to	face
acne	consist of	comedo	>	acne	consist of	papule
acne	see on	face	>	acne	break on	face
acne	appear about	face	>	acne	find on	face
face	scar by	acne	>	skin	cover with	acne
teenager	have	acne	>	acne	occur during	adolescence
acne	characterize by	papule	>	pustule	encounter in	acne
acne	occur without	masturbation	X	acne	cause by	masturbation
acne	scar	face	>	acne	confine to	face
acne	occur on	face	>	acne	see on	face
acne	treat with	antibiotic	>	antibiotic	use in	acne
face	cover with	acne	>	acne	cover	face
adolescent	develop	acne	>	acne	be in	adolescence
acne	scar	face	>	acne	develop on	face
acne	leave	scar	>	acne	lead to	scarring
acne	treat with	antibiotic	>	acne	cause by	bacteria
hirsutism	accompany by	acne	>	acne	accompany	hirsutism
acne	develop on	face	>	face	be with	acne
acne	occur on	face	>	face	be with	acne
acne	develop on	face	>	acne	cover	face
acne	consist of	comedo	>	acne	characterize by	comedo
acne	appear about	puberty	>	acne	be in	teenager
acne	be during	adolescence	>	acne	begin at	puberty
acne	appear about	face	>	acne	be on	face
acne	involve	face	>	face	cover with	acne
dirt	aggravate	acne	>	acne	cause by	uncleanliness
isotretinoin	combat	acne	>	acne	cause by	bacteria
face	cover in	acne	>	acne	involve	face
acne	develop in	teenager	>	teen	have	acne
acne	develop on	face	>	acne	involve	face
face	be with	acne	>	acne	appear on	face
isotretinoin	combat	acne	>	antibiotic	use in	acne
acne	scatter about	face	>	acne	develop on	face
acne	appear at	puberty	>	acne	begin at	puberty
face	be with	acne	>	acne	break on	face
acne	require	antibiotic	>	antibiotic	use in	acne
isotretinoin	use for	acne	>	antibiotic	use in	acne
acne	consist of	comedo	>	acne	characterize by	papule
acne	affect	adolescent	>	adolescent	have	acne
acne	characterize by	papule	>	acne	consist of	blackhead
adolescent	develop	acne	>	acne	occur during	adolescence
face	cover in	acne	>	face	be with	acne
acne	be in	adolescence	>	acne	develop in	teenager
acne	be during	adolescence	>	acne	develop in	teenager
acne	confine to	face	>	acne	cover	face
acne	break on	face	>	acne	develop on	face
acne	appear at	puberty	>	acne	be in	adolescence
pustule	encounter in	acne	>	acne	characterize by	papule
face	cover with	acne	>	acne	confine to	face
teen	have	acne	>	acne	begin at	puberty
adolescent	develop	acne	>	acne	be in	teenager
acne	suspect in	teenager	>	teen	have	acne
acne	see on	chin	>	acne	cover	face
cosmetic	worsen	acne	>	cosmetic	aggravate	acne
face	scar with	acne	>	acne	leave	scar
isotretinoin	reserve for	acne	>	isotretinoin	use for	acne
acne	find on	face	>	acne	cover	face
masturbation	cause	acne	X	acne	occur without	masturbation
acne	appear about	face	>	skin	examine for	acne
adolescent	have	acne	>	acne	appear at	puberty
acne	confine to	face	>	acne	break on	face
acne	appear about	face	>	acne	involve	face
acne	develop in	teenager	>	acne	begin at	puberty
acne	break on	face	>	acne	confine to	face
acne	find on	face	>	acne	appear about	face
acne	see on	chin	>	acne	occur on	face
teenager	have	acne	>	acne	occur in	adolescence
acne	occur in	adolescence	>	acne	suspect in	teenager
teenager	have	acne	>	acne	suspect in	teenager
acne	consist of	papule	>	acne	consist of	comedo
acne	appear upon	skin	>	skin	examine for	acne
acne	scatter about	face	>	face	cover in	acne
acne	appear about	puberty	>	acne	affect	adolescent
acne	treat with	isotretinoin	>	isotretinoin	combat	acne
face	scar with	acne	>	face	cover with	acne
acne	find on	face	>	acne	occur on	face
acne	affect	face	>	acne	be on	face
face	scar by	acne	>	acne	scar	face
acne	characterize by	papule	>	acne	characterize by	comedo
chocolate	aggravate	acne	>	diet	affect	acne
acne	see on	chin	>	acne	confine to	face
acne	begin at	puberty	>	adolescent	have	acne
face	scar with	acne	>	face	be with	acne
acne	appear at	puberty	>	acne	be during	adolescence
acne	treat with	isotretinoin	>	antibiotic	use in	acne
teen	have	acne	>	adolescent	have	acne
acne	find on	face	>	acne	confine to	face
face	cover with	acne	>	acne	break on	face
face	scar by	acne	>	acne	appear about	face
pill	improve	acne	>	contraceptive	improve	acne
face	scar by	acne	>	scarring	occur with	acne
masturbation	cause	acne	>	acne	cause by	masturbation
acne	occur during	adolescence	>	teenager	have	acne
acne	develop on	face	>	skin	examine for	acne
acne	see on	face	>	acne	develop on	face
acne	begin at	puberty	>	teenager	have	acne
acne	break on	face	>	acne	cover	face
acne	find on	face	>	acne	appear on	face
acne	be in	adolescence	>	acne	be during	adolescence
adolescent	develop	acne	>	acne	appear at	puberty
acne	appear about	puberty	>	adolescent	develop	acne
face	cover in	acne	>	acne	confine to	face
acne	consist of	blackhead	>	acne	characterize by	papule
acne	treat with	antibiotic	>	antibiotic	use for	acne
acne	affect	face	>	acne	occur on	face
acne	be in	adolescence	>	acne	occur in	adolescence
acne	occur on	face	>	acne	involve	face
face	be with	acne	>	acne	affect	face
acne	cause by	chocolate	>	acne	cause by	diet
acne	cover	face	>	acne	affect	face
acne	appear about	face	>	acne	appear upon	skin
face	scar by	acne	>	face	scar with	acne
acne	cover	face	>	acne	be on	face
acne	affect	face	>	acne	appear on	face
acne	scar	face	>	acne	see on	face
face	be with	acne	>	acne	see on	face
acne	suspect in	teenager	>	acne	appear about	puberty
acne	begin at	puberty	>	acne	appear at	puberty
diet	cause	acne	>	diet	affect	acne
acne	be on	face	>	acne	break on	face
face	cover in	acne	>	acne	appear about	face
isotretinoin	use for	acne	>	antibiotic	use for	acne
face	cover in	acne	>	acne	see on	face
acne	occur during	adolescence	>	acne	be during	adolescence
acne	scatter about	face	>	acne	appear on	face
face	be with	acne	>	acne	develop on	face
face	cover in	acne	>	acne	cover	face
acne	see on	face	>	face	cover in	acne
acne	leave	scar	>	acne	result in	scarring
acne	occur during	adolescence	>	adolescent	develop	acne
face	scar with	acne	>	acne	be on	face
adolescent	have	acne	>	adolescent	develop	acne
acne	scatter about	face	>	acne	affect	face
isotretinoin	use for	acne	>	isotretinoin	combat	acne
acne	appear on	face	>	skin	cover with	acne
teenager	have	acne	>	acne	affect	adolescent
face	scar by	acne	>	acne	cover	face
acne	be on	face	>	face	cover with	acne
acne	lead to	scarring	>	acne	leave	scar
pustule	encounter in	acne	>	acne	characterize by	comedo
acne	cover	face	>	acne	appear on	face
acne	scar	face	>	acne	affect	face
pill	decrease	acne	>	contraceptive	improve	acne
acne	cause by	chocolate	>	diet	cause	acne
acne	scar	face	>	acne	be on	face
face	scar with	acne	>	acne	find on	face
acne	begin at	puberty	>	adolescent	develop	acne
acne	be during	adolescence	>	acne	be in	teenager
acne	be on	face	>	acne	see on	face
scar	result from	acne	>	acne	lead to	scarring
acne	see on	chin	>	skin	cover with	acne
acne	be on	face	>	acne	scatter about	face
acne	occur in	adolescence	>	teen	have	acne
contraceptive	improve	acne	>	pill	decrease	acne
acne	develop on	face	>	acne	occur on	face
acne	see on	chin	>	acne	break on	face
chocolate	cause	acne	>	diet	affect	acne
acne	cause by	diet	>	diet	cause	acne
acne	suspect in	teenager	>	acne	occur during	adolescence
acne	scar	face	>	acne	cover	face
acne	see on	face	>	face	cover with	acne
chocolate	aggravate	acne	>	diet	cause	acne
acne	suspect in	teenager	>	acne	appear at	puberty
acne	develop on	face	>	acne	confine to	face
acne	appear about	puberty	>	acne	occur in	adolescence
face	cover with	acne	>	face	cover in	acne
face	scar with	acne	>	scar	result from	acne
face	scar by	acne	>	acne	develop on	face
acne	characterize by	comedo	>	acne	characterize by	papule
acne	cause by	uncleanliness	>	acne	cause by	dirt
acne	require	antibiotic	>	acne	cause by	bacteria
isotretinoin	reserve for	acne	>	acne	cause by	bacteria
acne	be in	adolescence	>	acne	affect	adolescent
isotretinoin	reserve for	acne	>	antibiotic	use in	acne
acne	find on	face	>	acne	scatter about	face
face	be with	acne	>	acne	appear about	face
face	cover in	acne	>	acne	be on	face
acne	develop in	teenager	>	acne	appear at	puberty
acne	appear on	face	>	acne	appear upon	skin
dapsone	reserve for	acne	>	acne	treat with	antibiotic
acne	cover	face	>	acne	appear upon	skin
isotretinoin	reserve for	acne	>	isotretinoin	combat	acne
acne	cover	face	>	acne	appear about	face
acne	affect	adolescent	>	teen	have	acne
acne	cover	face	>	acne	involve	face
acne	result in	scarring	>	acne	leave	scar
acne	break on	face	>	skin	examine for	acne
dapsone	reserve for	acne	>	antibiotic	use in	acne
acne	cause by	chocolate	>	diet	affect	acne
acne	be in	teenager	>	acne	occur in	adolescence
teenager	have	acne	>	acne	appear at	puberty
face	scar by	acne	>	acne	confine to	face
acne	scar	face	>	face	cover in	acne
acne	see on	chin	>	acne	develop on	face
acne	appear at	puberty	>	acne	be in	teenager
acne	appear about	puberty	>	acne	develop in	teenager
acne	scar	face	>	face	scar with	acne
acne	see on	face	>	acne	appear about	face
acne	break on	face	>	skin	cover with	acne
pill	improve	acne	>	pill	decrease	acne
face	cover in	acne	>	acne	break on	face
antibiotic	use in	acne	>	acne	treat with	antibiotic
acne	find on	face	>	acne	break on	face
acne	find on	face	>	acne	affect	face
acne	occur on	face	>	acne	appear on	face
acne	scatter about	face	>	acne	appear about	face
acne	see on	chin	>	acne	appear about	face
face	scar with	acne	>	face	cover in	acne
acne	see on	face	>	acne	occur on	face
acne	appear on	face	>	acne	develop on	face
face	be with	acne	>	skin	examine for	acne
acne	be during	adolescence	>	teen	have	acne
acne	scar	face	>	scarring	occur with	acne
adolescent	develop	acne	>	teen	have	acne
acne	be during	adolescence	>	acne	suspect in	teenager
acne	see on	face	>	skin	examine for	acne
acne	confine to	face	>	acne	affect	face
acne	suspect in	teenager	>	acne	develop in	teenager
acne	affect	face	>	acne	cover	face
acne	appear at	puberty	>	acne	occur during	adolescence
acne	see on	chin	>	acne	find on	face
acne	result in	scarring	>	acne	lead to	scarring
acne	be during	adolescence	>	acne	occur during	adolescence
acne	cause by	masturbation	>	masturbation	cause	acne
stress	cause	acne	>	stress	aggravate	acne
acne	involve	face	>	acne	find on	face
face	cover with	acne	>	skin	examine for	acne
teen	have	acne	>	acne	be in	teenager
acne	suspect in	teenager	>	adolescent	develop	acne
acne	treat with	isotretinoin	>	acne	cause by	bacteria
acne	consist of	comedo	>	acne	consist of	blackhead
acne	appear on	face	>	acne	confine to	face
acne	affect	face	>	face	cover in	acne
face	cover in	acne	>	acne	scatter about	face
teenager	have	acne	>	teen	have	acne
acne	occur during	adolescence	>	acne	be in	teenager
skin	examine for	acne	>	acne	appear upon	skin
isotretinoin	reserve for	acne	>	acne	require	antibiotic
isotretinoin	reserve for	acne	>	acne	treat with	isotretinoin
acne	require	antibiotic	>	antibiotic	use for	acne
isotretinoin	combat	acne	>	acne	treat with	antibiotic
face	cover with	acne	>	acne	be on	face
face	scar with	acne	>	acne	result in	scarring
antibiotic	use for	acne	>	acne	cause by	bacteria
acne	see on	chin	>	acne	be on	face
face	scar by	acne	>	acne	leave	scar
acne	treat with	isotretinoin	>	acne	require	antibiotic
adolescent	have	acne	>	acne	occur in	adolescence
face	scar by	acne	>	acne	break on	face
acne	cause by	chocolate	>	chocolate	cause	acne
teenager	have	acne	>	acne	be in	adolescence
acne	affect	face	>	acne	confine to	face
peroxide	suppress	acne	>	acne	treat with	peroxide
face	cover in	acne	>	acne	appear upon	skin
acne	be in	teenager	>	acne	appear at	puberty
acne	see on	face	>	skin	cover with	acne
acne	confine to	face	>	skin	examine for	acne
chocolate	aggravate	acne	>	acne	cause by	diet
acne	appear about	face	>	acne	affect	face
acne	begin at	puberty	>	teen	have	acne
acne	appear on	face	>	acne	see on	face
teenager	have	acne	>	acne	develop in	teenager
acne	occur on	face	>	skin	cover with	acne
acne	accompany	hirsutism	>	hirsutism	associate with	acne
acne	scar	face	>	acne	result in	scarring
teenager	have	acne	>	acne	begin at	puberty
adolescent	develop	acne	>	acne	appear about	puberty
acne	suspect in	teenager	>	acne	affect	adolescent
acne	affect	adolescent	>	acne	appear about	puberty
pustule	encounter in	acne	>	acne	consist of	comedo
acne	be on	face	>	acne	cover	face
acne	lead to	scarring	>	scarring	occur with	acne
acne	scatter about	face	>	acne	be on	face
acne	occur on	face	>	face	cover with	acne
acne	cause by	masturbation	X	acne	occur without	masturbation
acne	be in	adolescence	>	adolescent	have	acne
face	be with	acne	>	face	cover with	acne
acne	appear about	face	>	acne	cover	face
acne	be during	adolescence	>	adolescent	have	acne
acne	develop on	face	>	acne	be on	face
face	be with	acne	>	acne	involve	face
acne	consist of	blackhead	>	acne	consist of	papule
acne	see on	chin	>	acne	see on	face
acne	develop on	face	>	acne	scatter about	face
acne	develop on	face	>	face	cover in	acne
acne	confine to	face	>	face	cover in	acne
chocolate	cause	acne	>	chocolate	aggravate	acne
acne	see on	chin	>	acne	appear on	face
acne	find on	face	>	skin	cover with	acne
acne	appear at	puberty	>	acne	occur in	adolescence
acne	treat with	isotretinoin	>	antibiotic	use for	acne
isotretinoin	combat	acne	>	isotretinoin	use for	acne
adolescent	have	acne	>	acne	be in	adolescence
acne	occur in	adolescence	>	teenager	have	acne
acne	occur during	adolescence	>	acne	suspect in	teenager
acne	develop on	face	>	acne	find on	face
acne	see on	face	>	acne	appear on	face
acne	break on	face	>	face	be with	acne
acne	appear at	puberty	>	teen	have	acne
stress	exacerbate	acne	>	stress	cause	acne
acne	be on	face	>	acne	appear upon	skin
acne	be on	face	>	acne	confine to	face
dapsone	reserve for	acne	>	acne	cause by	bacteria
adolescent	have	acne	>	acne	begin at	puberty
skin	examine for	acne	>	skin	cover with	acne
face	scar with	acne	>	acne	involve	face
antibiotic	use for	acne	>	antibiotic	use in	acne
acne	break on	face	>	acne	involve	face
adolescent	develop	acne	>	adolescent	have	acne
acne	be in	adolescence	>	teen	have	acne
acne	occur on	face	>	acne	find on	face
stress	cause	acne	>	stress	exacerbate	acne
acne	see on	chin	>	acne	scatter about	face
teen	have	acne	>	acne	develop in	teenager
acne	appear about	face	>	face	cover in	acne
face	scar by	acne	>	acne	lead to	scarring
acne	occur during	adolescence	>	teen	have	acne
acne	cause by	dirt	>	acne	cause by	uncleanliness
acne	appear about	puberty	>	acne	be in	adolescence
acne	cover	face	>	skin	cover with	acne
acne	affect	adolescent	>	acne	suspect in	teenager
chocolate	cause	acne	>	diet	cause	acne
acne	break on	face	>	face	cover in	acne
acne	affect	face	>	acne	involve	face
face	cover in	acne	>	acne	affect	face
contraceptive	improve	acne	>	pill	improve	acne
dapsone	reserve for	acne	>	antibiotic	use for	acne
chocolate	cause	acne	>	acne	cause by	diet
antibiotic	use in	acne	>	acne	cause by	bacteria
adolescent	have	acne	>	acne	suspect in	teenager
acne	involve	face	>	skin	cover with	acne
acne	appear about	puberty	>	acne	occur during	adolescence
acne	appear on	face	>	skin	examine for	acne
teenager	have	acne	>	acne	appear about	puberty
chocolate	aggravate	acne	>	acne	cause by	chocolate
acne	affect	adolescent	>	acne	be during	adolescence
acne	develop in	teenager	>	adolescent	have	acne
acne	scar	face	>	acne	appear upon	skin
acne	affect	face	>	acne	appear upon	skin
acne	scatter about	face	>	acne	find on	face
acne	scar	face	>	acne	appear about	face
isotretinoin	use for	acne	>	acne	require	antibiotic
acne	consist of	blackhead	>	pustule	encounter in	acne
acne	characterize by	papule	>	acne	consist of	comedo
acne	be on	face	>	acne	appear on	face
acne	scatter about	face	>	skin	cover with	acne
teen	have	acne	>	acne	affect	adolescent
acne	be in	teenager	>	adolescent	have	acne
acne	appear at	puberty	>	acne	affect	adolescent
acne	appear about	puberty	>	adolescent	have	acne
acne	scatter about	face	>	acne	appear upon	skin
acne	cover	face	>	acne	find on	face
acne	affect	face	>	acne	appear about	face
acne	appear on	face	>	face	cover in	acne
acne	occur on	face	>	acne	develop on	face
acne	scar	face	>	skin	cover with	acne
adolescent	have	acne	>	teenager	have	acne
acne	affect	adolescent	>	acne	begin at	puberty
adolescent	have	acne	>	acne	affect	adolescent
acne	break on	face	>	acne	appear upon	skin
pill	clear	acne	>	pill	improve	acne
face	scar by	acne	>	acne	appear on	face
acne	appear on	face	>	acne	break on	face
acne	cover	face	>	acne	break on	face
isotretinoin	use for	acne	>	isotretinoin	reserve for	acne
adolescent	develop	acne	>	teenager	have	acne
stress	aggravate	acne	>	stress	exacerbate	acne
acne	consist of	papule	>	pustule	encounter in	acne
teenager	have	acne	>	adolescent	have	acne
face	scar by	acne	>	acne	see on	face
teen	have	acne	>	acne	be during	adolescence
acne	suspect in	teenager	>	adolescent	have	acne
acne	develop on	face	>	acne	appear about	face
diet	cause	acne	>	acne	cause by	diet
acne	find on	face	>	face	be with	acne
acne	confine to	face	>	acne	see on	face
stress	exacerbate	acne	>	stress	aggravate	acne
acne	be in	adolescence	>	acne	be in	teenager
acne	be in	adolescence	>	acne	begin at	puberty
face	scar by	acne	>	acne	occur on	face
isotretinoin	use for	acne	>	acne	cause by	bacteria
acne	suspect in	teenager	>	acne	be in	adolescence
acne	break on	face	>	acne	see on	face
acne	appear on	face	>	acne	cover	face
acne	see on	chin	>	face	cover with	acne
dirt	aggravate	acne	>	acne	cause by	dirt
face	scar with	acne	>	acne	appear on	face
acne	involve	face	>	acne	scatter about	face
acne	scar	face	>	acne	find on	face
face	be with	acne	>	face	cover in	acne
acne	lead to	scarring	>	scar	result from	acne
acne	occur on	face	>	face	cover in	acne
acne	confine to	face	>	skin	cover with	acne
face	scar by	acne	>	acne	scatter about	face
face	cover with	acne	>	acne	affect	face
acne	see on	face	>	acne	involve	face
acne	scar	face	>	scar	result from	acne
acne	be on	face	>	skin	cover with	acne
acne	occur on	face	>	skin	examine for	acne
acne	affect	adolescent	>	acne	occur in	adolescence
testosterone	cause	acne	>	androgen	cause	acne
acne	occur in	adolescence	>	acne	affect	adolescent
acne	appear on	face	>	acne	occur on	face
acne	involve	face	>	acne	occur on	face
acne	treat with	isotretinoin	>	isotretinoin	reserve for	acne
acne	affect	face	>	face	be with	acne
face	cover with	acne	>	acne	involve	face
acne	see on	face	>	face	be with	acne
acne	scatter about	face	>	acne	involve	face
acne	appear about	face	>	acne	occur on	face
acne	break on	face	>	acne	affect	face
face	scar by	acne	>	face	be with	acne
face	scar with	acne	>	acne	develop on	face
acne	be in	adolescence	>	acne	appear about	puberty
acne	characterize by	comedo	>	pustule	encounter in	acne
acne	occur in	adolescence	>	acne	begin at	puberty
acne	find on	face	>	acne	see on	face
acne	appear about	face	>	acne	confine to	face
acne	find on	face	>	skin	examine for	acne
acne	be on	face	>	acne	involve	face
face	cover in	acne	>	skin	examine for	acne
acne	be during	adolescence	>	acne	occur in	adolescence
acne	suspect in	teenager	>	acne	begin at	puberty
acne	affect	face	>	face	cover with	acne
acne	scar	face	>	acne	involve	face
acne	see on	chin	>	face	cover in	acne
acne	be during	adolescence	>	acne	be in	adolescence
acne	confine to	face	>	acne	involve	face
acne	see on	face	>	acne	find on	face
acne	develop on	face	>	acne	appear upon	skin
face	cover with	acne	>	acne	appear about	face
face	scar by	acne	>	acne	involve	face
acne	occur in	adolescence	>	acne	be during	adolescence
face	scar by	acne	>	acne	appear upon	skin
acne	be during	adolescence	>	adolescent	develop	acne
acne	occur in	adolescence	>	acne	develop in	teenager
scarring	occur with	acne	>	scar	result from	acne
acne	find on	face	>	acne	appear upon	skin
acne	develop in	teenager	>	teenager	have	acne
face	scar by	acne	>	skin	examine for	acne
scarring	occur with	acne	>	acne	lead to	scarring
scar	result from	acne	>	acne	result in	scarring
acne	see on	chin	>	acne	appear upon	skin
teen	have	acne	>	acne	appear at	puberty
acne	be in	adolescence	>	acne	appear at	puberty
acne	be in	teenager	>	acne	begin at	puberty
scar	result from	acne	>	acne	leave	scar
acne	appear about	puberty	>	teen	have	acne
acne	see on	face	>	acne	be on	face
acne	scatter about	face	>	acne	cover	face
acne	confine to	face	>	acne	find on	face
acne	involve	face	>	acne	develop on	face
acne	occur in	adolescence	>	acne	appear at	puberty
teen	have	acne	>	teenager	have	acne
adolescent	have	acne	>	acne	be during	adolescence
acne	appear upon	skin	>	skin	cover with	acne
face	be with	acne	>	acne	scatter about	face
pill	improve	acne	>	pill	clear	acne
acne	occur without	masturbation	X	masturbation	cause	acne
face	cover in	acne	>	acne	develop on	face
acne	involve	face	>	skin	examine for	acne
acne	scar	face	>	face	cover with	acne
acne	consist of	papule	>	acne	characterize by	comedo
contraceptive	improve	acne	>	pill	clear	acne
acne	develop in	teenager	>	acne	appear about	puberty
acne	appear at	puberty	>	teenager	have	acne
acne	see on	chin	>	skin	examine for	acne
adolescent	have	acne	>	acne	occur during	adolescence
acne	scatter about	face	>	skin	examine for	acne
teen	have	acne	>	acne	occur during	adolescence
face	cover with	acne	>	acne	find on	face
face	be with	acne	>	acne	be on	face
isotretinoin	combat	acne	>	acne	require	antibiotic
acne	involve	face	>	acne	appear about	face
face	cover with	acne	>	face	be with	acne
acne	begin at	puberty	>	acne	be in	adolescence
acne	appear at	puberty	>	adolescent	develop	acne
face	cover in	acne	>	acne	occur on	face
acne	see on	chin	>	acne	affect	face
acne	treat with	isotretinoin	>	acne	treat with	antibiotic
acne	scar	face	>	skin	examine for	acne
acne	involve	face	>	acne	appear upon	skin
face	scar by	acne	>	acne	result in	scarring
acne	be in	adolescence	>	adolescent	develop	acne
teen	have	acne	>	adolescent	develop	acne
acne	be in	teenager	>	acne	be during	adolescence
acne	require	antibiotic	>	acne	treat with	antibiotic
acne	affect	face	>	acne	find on	face
adolescent	develop	acne	>	acne	develop in	teenager
face	be with	acne	>	acne	find on	face
acne	appear on	face	>	acne	scatter about	face
face	scar with	acne	>	scarring	occur with	acne
face	scar with	acne	>	acne	affect	face
acne	be in	teenager	>	acne	occur during	adolescence
acne	affect	face	>	skin	examine for	acne
rosacea	confuse with	acne	>	rosacea	resemble	acne
acne	find on	face	>	face	cover in	acne
antibiotic	use for	acne	>	acne	require	antibiotic
face	cover in	acne	>	acne	find on	face
acne	affect	adolescent	>	teenager	have	acne
acne	see on	chin	>	face	be with	acne
acne	treat with	peroxide	>	peroxide	suppress	acne
face	scar by	acne	>	acne	be on	face
acne	develop on	face	>	acne	affect	face
face	cover with	acne	>	acne	scatter about	face
acne	affect	adolescent	>	acne	occur during	adolescence
face	scar by	acne	>	acne	affect	face
face	scar with	acne	>	acne	scar	face
scar	result from	acne	>	scarring	occur with	acne
face	scar with	acne	>	acne	cover	face
acne	scar	face	>	acne	break on	face
acne	suspect in	teenager	>	acne	be during	adolescence
acne	be in	teenager	>	teen	have	acne
acne	break on	face	>	acne	appear on	face
acne	cover	face	>	acne	confine to	face
stress	aggravate	acne	>	stress	cause	acne
cosmetic	aggravate	acne	>	cosmetic	worsen	acne
acne	appear on	face	>	acne	affect	face
acne	confine to	face	>	acne	appear upon	skin
face	scar with	acne	>	acne	confine to	face
face	scar with	acne	>	acne	appear about	face
acne	see on	face	>	acne	appear upon	skin
chocolate	aggravate	acne	>	chocolate	cause	acne
face	scar by	acne	>	face	cover with	acne
acne	affect	adolescent	>	acne	be in	adolescence
adolescent	develop	acne	>	acne	suspect in	teenager
acne	occur in	adolescence	>	adolescent	develop	acne
acne	be on	face	>	face	cover in	acne
acne	scatter about	face	>	acne	break on	face
acne	appear on	face	>	face	be with	acne
acne	find on	face	>	face	cover with	acne
skin	cover with	acne	>	skin	examine for	acne
acne	appear about	face	>	acne	scatter about	face
face	scar with	acne	>	face	scar by	acne
acne	develop in	teenager	>	acne	be during	adolescence
acne	appear about	puberty	>	acne	suspect in	teenager
acne	appear about	puberty	>	acne	appear at	puberty
acne	scatter about	face	>	acne	occur on	face
adolescent	develop	acne	>	acne	affect	adolescent
acne	involve	face	>	acne	break on	face
face	cover with	acne	>	acne	see on	face
acne	cover	face	>	face	cover in	acne
face	cover in	acne	>	face	cover with	acne
acne	consist of	comedo	>	pustule	encounter in	acne
acne	occur in	adolescence	>	acne	occur during	adolescence
face	cover with	acne	>	acne	appear upon	skin
