vomiting	lead to	dehydration	>	nausea	produce	dehydration
dehydration	characterize by	thirst	>	dehydration	stimulate	thirst
dehydration	cause by	vomiting	>	dehydration	occur after	vomiting
hypernatremia	associate with	dehydration	>	dehydration	accompany by	hypernatremia
dehydration	occur after	vomiting	>	nausea	cause	dehydration
fluid	overcome	dehydration	>	dehydration	require	fluid
dehydration	correct by	fluid	>	hydration	prevent	dehydration
dehydration	correct with	fluid	>	water	prevent	dehydration
diarrhea	lead to	dehydration	>	diarrhoea	lead to	dehydration
fluid	give to	dehydration	>	dehydration	treat with	fluid
dryness	cause by	dehydration	>	dryness	see in	dehydration
diarrhoea	lead to	dehydration	>	diarrhea	produce	dehydration
dehydration	cause	thrombosis	>	thrombosis	cause by	dehydration
dehydration	prevent by	infusion	>	dehydration	require	fluid
dehydration	lead to	death	>	death	result from	dehydration
dehydration	cause	exhaustion	>	dehydration	lead to	fatigue
person	die of	dehydration	>	death	occur to	dehydration
diarrhea	result in	dehydration	>	diarrhea	cause	dehydration
diarrhea	produce	dehydration	>	diarrhea	cause	dehydration
dehydration	result from	diarrhea	>	diarrhea	lead to	dehydration
dehydration	correct by	infusion	>	fluid	overcome	dehydration
nausea	result in	dehydration	>	vomiting	lead to	dehydration
dehydration	cause	death	>	death	occur from	dehydration
exhaustion	cause by	dehydration	>	dehydration	cause	weakness
dehydration	treat with	infusion	>	water	prevent	dehydration
dryness	cause by	dehydration	>	dryness	indicate	dehydration
nausea	lead to	dehydration	>	vomiting	result in	dehydration
diuresis	promote	dehydration	>	polyuria	cause	dehydration
fluid	require for	dehydration	>	fluid	give to	dehydration
vomiting	produce	dehydration	>	vomiting	increase	dehydration
dehydration	result from	vomiting	>	nausea	lead to	dehydration
diuresis	produce	dehydration	>	diuretic	aggravate	dehydration
diuretic	lead to	dehydration	>	dehydration	cause by	diuresis
dehydration	result in	constipation	>	constipation	cause by	dehydration
polyuria	cause	dehydration	>	diuresis	promote	dehydration
dehydration	treat with	saline	>	water	prevent	dehydration
cathartic	cause	dehydration	>	diarrhoea	result in	dehydration
death	follow	dehydration	>	death	result from	dehydration
diuresis	lead to	dehydration	>	dehydration	cause by	diuresis
diarrhoea	lead to	dehydration	>	diarrhea	cause	dehydration
nausea	produce	dehydration	>	vomiting	cause	dehydration
dehydration	result from	diarrhea	>	diarrhea	produce	dehydration
hypotension	indicate	dehydration	>	dehydration	lead to	hypotension
dehydration	correct by	infusion	>	fluid	require for	dehydration
dehydration	induce	hypernatremia	>	hypernatremia	see with	dehydration
dehydration	cause by	vomiting	>	nausea	lead to	dehydration
diarrhea	result in	dehydration	>	diarrhoea	result in	dehydration
death	occur from	dehydration	>	person	suffer from	dehydration
fluid	correct	dehydration	>	water	prevent	dehydration
death	occur to	dehydration	>	people	die of	dehydration
diuretic	cause	dehydration	>	diuresis	cause	dehydration
dryness	see in	dehydration	>	dryness	indicate	dehydration
vomiting	produce	dehydration	>	nausea	produce	dehydration
saline	correct	dehydration	>	hydration	prevent	dehydration
diarrhoea	result in	dehydration	>	diarrhoea	cause	dehydration
dehydration	lead to	fatigue	>	dehydration	cause	weakness
fluid	correct	dehydration	>	hydration	prevent	dehydration
dehydration	produce	constipation	>	dehydration	result in	constipation
diarrhea	cause	dehydration	>	diarrhea	produce	dehydration
fluid	require for	dehydration	>	hydration	prevent	dehydration
vomiting	produce	dehydration	>	nausea	result in	dehydration
fluid	overcome	dehydration	>	dehydration	treat by	fluid
hydration	prevent	dehydration	>	dehydration	correct by	fluid
diuretic	cause	dehydration	>	diuretic	lead to	dehydration
death	follow	dehydration	>	death	occur to	dehydration
hydration	prevent	dehydration	>	dehydration	treat with	fluid
dehydration	kill	million	>	death	occur from	dehydration
dehydration	treat by	fluid	>	fluid	treat	dehydration
diuresis	lead to	dehydration	>	diuresis	produce	dehydration
hydration	prevent	dehydration	>	fluid	require for	dehydration
dehydration	correct with	saline	>	fluid	require for	dehydration
dehydration	correct with	saline	>	dehydration	relieve by	saline
dehydration	lead to	hemoconcentration	>	hemoconcentration	occur with	dehydration
dehydration	lead to	death	>	people	die of	dehydration
dehydration	cause by	diuresis	>	diuresis	cause	dehydration
dehydration	occur after	vomiting	>	vomiting	increase	dehydration
fluid	overcome	dehydration	>	fluid	give to	dehydration
vomiting	lead to	dehydration	>	vomiting	increase	dehydration
death	cause by	dehydration	>	dehydration	cause	death
dehydration	treat with	saline	>	dehydration	correct with	fluid
diuretic	cause	dehydration	>	diuresis	produce	dehydration
vomiting	increase	dehydration	>	vomiting	produce	dehydration
fluid	require for	dehydration	>	fluid	correct	dehydration
death	occur from	dehydration	>	death	occur to	dehydration
dehydration	cause	confusion	>	dehydration	lead to	confusion
dehydration	treat by	infusion	>	dehydration	treat with	saline
dehydration	produce	hypotension	>	hypotension	cause by	dehydration
saline	correct	dehydration	>	fluid	give to	dehydration
dehydration	result in	death	>	death	occur to	dehydration
nausea	lead to	dehydration	>	vomiting	cause	dehydration
dehydration	cause	hypotension	>	dehydration	mask	anemia
hypernatremia	indicate	dehydration	>	dehydration	accompany by	hypernatremia
death	follow	dehydration	>	dehydration	lead to	death
nausea	result in	dehydration	>	vomiting	cause	dehydration
fluid	give to	dehydration	>	dehydration	treat by	fluid
vomiting	increase	dehydration	>	vomiting	result in	dehydration
diuretic	cause	dehydration	>	diuretic	aggravate	dehydration
dehydration	lead to	hemoconcentration	>	dehydration	cause	hemoconcentration
dehydration	produce	thirst	>	dehydration	stimulate	thirst
dehydration	correct with	saline	>	dehydration	treat by	infusion
diuresis	cause	dehydration	>	dehydration	cause by	diuresis
nausea	cause	dehydration	>	vomiting	increase	dehydration
dehydration	cause by	diuresis	>	diuresis	lead to	dehydration
diuresis	cause	dehydration	>	diuretic	lead to	dehydration
dryness	indicate	dehydration	>	dehydration	cause	dryness
dryness	see in	dehydration	>	dehydration	cause	dryness
diuretic	aggravate	dehydration	>	polyuria	lead to	dehydration
laxative	cause	dehydration	>	diarrhea	result in	dehydration
dehydration	cause	hypotension	>	dehydration	produce	hypotension
dehydration	correct with	saline	>	dehydration	treat with	saline
dehydration	precipitate	coma	>	dehydration	lead to	coma
diarrhea	cause	dehydration	>	diarrhoea	lead to	dehydration
fluid	overcome	dehydration	>	fluid	correct	dehydration
dehydration	treat with	fluid	>	dehydration	treat by	fluid
diarrhoea	lead to	dehydration	>	diarrhea	result in	dehydration
death	cause by	dehydration	>	death	occur from	dehydration
death	result from	dehydration	>	death	follow	dehydration
nausea	lead to	dehydration	>	vomiting	lead to	dehydration
dehydration	cause	exhaustion	>	exhaustion	cause by	dehydration
dehydration	correct by	infusion	>	dehydration	correct with	fluid
dehydration	lead to	cramp	>	cramp	cause by	dehydration
diarrhoea	result in	dehydration	>	diarrhea	cause	dehydration
vomiting	cause	dehydration	>	nausea	cause	dehydration
dehydration	cause	cramp	>	cramp	relate to	dehydration
dehydration	correct with	fluid	>	fluid	treat	dehydration
vomiting	increase	dehydration	>	dehydration	result from	vomiting
saline	correct	dehydration	>	fluid	correct	dehydration
diuretic	lead to	dehydration	>	diuretic	aggravate	dehydration
diuresis	result in	dehydration	>	diuresis	produce	dehydration
dehydration	cause	hemoconcentration	>	hemoconcentration	occur with	dehydration
sweating	lead to	dehydration	>	sweating	cause	dehydration
death	occur to	dehydration	>	death	result from	dehydration
nausea	produce	dehydration	>	vomiting	produce	dehydration
diuresis	promote	dehydration	>	diuretic	cause	dehydration
saline	correct	dehydration	>	water	prevent	dehydration
dehydration	accompany by	fever	>	fever	produce by	dehydration
diarrhea	lead to	dehydration	>	dehydration	result from	diarrhea
nausea	lead to	dehydration	>	nausea	result in	dehydration
vomiting	produce	dehydration	>	nausea	lead to	dehydration
dehydration	correct by	fluid	>	fluid	correct	dehydration
diarrhea	produce	dehydration	>	diarrhea	associate with	dehydration
diuresis	produce	dehydration	>	diuresis	cause	dehydration
water	prevent	dehydration	>	hydration	prevent	dehydration
fluid	give to	dehydration	>	fluid	correct	dehydration
dehydration	cause	delirium	>	dehydration	cause	confusion
dehydration	lead to	hypotension	>	hypotension	cause by	dehydration
dehydration	produce	thirst	>	dehydration	create	thirst
death	follow	dehydration	>	dehydration	result in	death
fluid	overcome	dehydration	>	dehydration	treat with	fluid
dehydration	treat with	saline	>	dehydration	correct with	saline
hypernatremia	see with	dehydration	>	hypernatremia	cause by	dehydration
polyuria	cause	dehydration	>	diuretic	lead to	dehydration
dryness	indicate	dehydration	>	dryness	cause by	dehydration
diuretic	cause	dehydration	>	dehydration	cause by	diuresis
hypernatremia	see with	dehydration	>	dehydration	accompany by	hypernatremia
diarrhea	associate with	dehydration	>	diarrhoea	cause	dehydration
dehydration	cause	hypotension	>	hypotension	indicate	dehydration
hypernatremia	associate with	dehydration	>	hypernatremia	cause by	dehydration
dehydration	correct by	fluid	>	dehydration	require	fluid
dehydration	correct with	fluid	>	dehydration	treat with	fluid
vomiting	produce	dehydration	>	nausea	cause	dehydration
diarrhea	cause	dehydration	>	diarrhea	associate with	dehydration
dehydration	prevent by	infusion	>	dehydration	treat with	fluid
dehydration	result in	death	>	people	die of	dehydration
fluid	give to	dehydration	>	water	prevent	dehydration
dehydration	treat by	fluid	>	water	prevent	dehydration
fluid	prevent	dehydration	>	dehydration	treat by	fluid
dehydration	lead to	coma	>	dehydration	precipitate	coma
nausea	produce	dehydration	>	vomiting	increase	dehydration
diarrhea	cause	dehydration	>	diarrhea	result in	dehydration
dehydration	lead to	death	>	person	suffer from	dehydration
dehydration	prevent by	infusion	>	dehydration	treat by	infusion
dehydration	prevent by	infusion	>	hydration	prevent	dehydration
dehydration	draw	water	>	dehydration	remove	water
dehydration	relieve by	saline	>	dehydration	treat with	infusion
diarrhoea	cause	dehydration	>	diarrhoea	lead to	dehydration
dehydration	cause	dryness	>	dryness	indicate	dehydration
dehydration	kill	million	>	death	follow	dehydration
hypernatremia	cause by	dehydration	>	dehydration	accompany by	hypernatremia
dehydration	cause	death	>	death	occur to	dehydration
water	prevent	dehydration	>	dehydration	require	fluid
vomiting	result in	dehydration	>	dehydration	occur after	vomiting
diuretic	lead to	dehydration	>	diuresis	lead to	dehydration
diuresis	result in	dehydration	>	polyuria	cause	dehydration
person	die of	dehydration	>	dehydration	lead to	death
dehydration	cause	death	>	death	result from	dehydration
dehydration	cause	death	>	dehydration	result in	death
water	prevent	dehydration	>	fluid	give to	dehydration
diuresis	result in	dehydration	>	diuresis	cause	dehydration
dehydration	cause	delirium	>	dehydration	lead to	confusion
dehydration	lead to	hypotension	>	hypotension	indicate	dehydration
dehydration	kill	million	>	dehydration	cause	death
dehydration	develop in	fever	>	dehydration	occur in	fever
dryness	see in	dehydration	>	dryness	cause by	dehydration
dehydration	remove	water	>	water	remove by	dehydration
diarrhea	produce	dehydration	>	diarrhoea	lead to	dehydration
vomiting	result in	dehydration	>	dehydration	result from	vomiting
person	die of	dehydration	>	dehydration	result in	death
vomiting	produce	dehydration	>	vomiting	lead to	dehydration
hypernatremia	associate with	dehydration	>	dehydration	induce	hypernatremia
death	occur from	dehydration	>	people	die of	dehydration
dehydration	cause by	vomiting	>	nausea	result in	dehydration
dehydration	prevent by	infusion	>	fluid	treat	dehydration
fluid	require for	dehydration	>	dehydration	correct by	fluid
diuresis	promote	dehydration	>	diuresis	cause	dehydration
cramp	relate to	dehydration	>	dehydration	lead to	cramp
dehydration	characterize by	thirst	>	dehydration	cause	thirst
death	occur from	dehydration	>	death	follow	dehydration
constipation	cause by	dehydration	>	dehydration	result in	constipation
insipidus	result in	dehydration	>	diuresis	promote	dehydration
dehydration	cause	thirst	>	dehydration	stimulate	thirst
dehydration	result from	diarrhea	>	diarrhea	associate with	dehydration
diuretic	aggravate	dehydration	>	diuretic	cause	dehydration
water	remove by	dehydration	>	dehydration	draw	water
diarrhea	produce	dehydration	>	dehydration	result from	diarrhea
dehydration	cause	weakness	>	dehydration	cause	fatigue
dehydration	result in	constipation	>	dehydration	cause	constipation
laxative	cause	dehydration	>	diarrhoea	result in	dehydration
people	die of	dehydration	>	death	cause by	dehydration
dehydration	treat with	saline	>	fluid	prevent	dehydration
dehydration	treat by	infusion	>	dehydration	require	fluid
cathartic	cause	dehydration	>	diarrhea	cause	dehydration
hypernatremia	see with	dehydration	>	hypernatremia	associate with	dehydration
death	follow	dehydration	>	death	occur from	dehydration
fluid	prevent	dehydration	>	hydration	prevent	dehydration
dehydration	treat with	fluid	>	fluid	give to	dehydration
dehydration	require	fluid	>	dehydration	treat with	fluid
diarrhoea	cause	dehydration	>	diarrhea	result in	dehydration
dehydration	treat by	infusion	>	fluid	prevent	dehydration
exhaustion	cause by	dehydration	>	dehydration	lead to	fatigue
dehydration	induce	hypernatremia	>	hypernatremia	associate with	dehydration
dehydration	result from	vomiting	>	vomiting	increase	dehydration
dehydration	create	thirst	>	dehydration	characterize by	thirst
dehydration	create	thirst	>	dehydration	cause	thirst
dehydration	treat by	fluid	>	fluid	overcome	dehydration
laxative	cause	dehydration	>	diarrhoea	cause	dehydration
vomiting	lead to	dehydration	>	dehydration	result from	vomiting
fever	cause	dehydration	>	dehydration	occur in	fever
death	occur from	dehydration	>	dehydration	result in	death
dehydration	result in	death	>	dehydration	cause	death
dehydration	treat with	saline	>	dehydration	relieve by	saline
dehydration	induce by	heat	>	heat	cause	dehydration
dehydration	cause	death	>	death	follow	dehydration
fever	lead to	dehydration	>	fever	cause	dehydration
diuresis	result in	dehydration	>	diuretic	lead to	dehydration
saline	correct	dehydration	>	dehydration	correct by	infusion
diarrhea	cause	dehydration	>	diarrhea	lead to	dehydration
diuresis	produce	dehydration	>	diuretic	lead to	dehydration
polyuria	lead to	dehydration	>	dehydration	cause by	diuresis
dehydration	correct by	infusion	>	dehydration	correct by	fluid
dehydration	cause	death	>	people	die of	dehydration
dehydration	prevent by	infusion	>	fluid	prevent	dehydration
diuresis	produce	dehydration	>	diuresis	result in	dehydration
dehydration	correct by	infusion	>	water	prevent	dehydration
laxative	cause	dehydration	>	diarrhoea	lead to	dehydration
dehydration	treat with	fluid	>	dehydration	correct by	fluid
hypotension	indicate	dehydration	>	hypotension	cause by	dehydration
dehydration	lead to	hypovolemia	>	dehydration	mask	anemia
dehydration	result in	death	>	death	result from	dehydration
dehydration	correct with	saline	>	fluid	treat	dehydration
fluid	correct	dehydration	>	dehydration	correct by	fluid
dehydration	cause	exhaustion	>	dehydration	cause	weakness
diuretic	aggravate	dehydration	>	diuresis	result in	dehydration
death	cause by	dehydration	>	death	result from	dehydration
saline	correct	dehydration	>	dehydration	treat with	saline
diuretic	lead to	dehydration	>	diuresis	promote	dehydration
dehydration	correct with	fluid	>	dehydration	treat by	fluid
saline	correct	dehydration	>	fluid	prevent	dehydration
dehydration	cause	confusion	>	dehydration	cause	delirium
diuresis	produce	dehydration	>	diuresis	promote	dehydration
hemoconcentration	occur with	dehydration	>	dehydration	cause	hemoconcentration
ketoacidosis	characterize by	dehydration	>	ketoacidosis	exacerbate	dehydration
vomiting	cause	dehydration	>	dehydration	occur after	vomiting
dehydration	stimulate	thirst	>	dehydration	create	thirst
dehydration	lead to	fatigue	>	exhaustion	cause by	dehydration
dehydration	treat with	fluid	>	hydration	prevent	dehydration
dehydration	treat with	fluid	>	fluid	require for	dehydration
heat	cause	dehydration	>	dehydration	induce by	heat
water	remove by	dehydration	>	dehydration	remove	water
dehydration	relieve by	saline	>	fluid	treat	dehydration
diarrhea	produce	dehydration	>	diarrhoea	result in	dehydration
fluid	overcome	dehydration	>	fluid	treat	dehydration
dehydration	prevent by	infusion	>	fluid	require for	dehydration
death	occur from	dehydration	>	death	cause by	dehydration
dehydration	result in	hemoconcentration	>	dehydration	cause	hemoconcentration
cathartic	cause	dehydration	>	diarrhoea	lead to	dehydration
dehydration	produce	constipation	>	dehydration	cause	constipation
dehydration	cause by	diuresis	>	polyuria	lead to	dehydration
fluid	correct	dehydration	>	dehydration	require	fluid
diarrhea	associate with	dehydration	>	diarrhoea	lead to	dehydration
dehydration	correct with	saline	>	dehydration	correct by	infusion
fluid	correct	dehydration	>	fluid	give to	dehydration
saline	correct	dehydration	>	fluid	overcome	dehydration
dehydration	require	fluid	>	dehydration	treat by	fluid
dehydration	treat by	fluid	>	dehydration	treat with	fluid
dehydration	result from	vomiting	>	vomiting	lead to	dehydration
dehydration	correct by	infusion	>	dehydration	require	fluid
dehydration	correct by	infusion	>	fluid	treat	dehydration
hydration	prevent	dehydration	>	fluid	correct	dehydration
cramp	relate to	dehydration	>	dehydration	cause	cramp
diuretic	cause	dehydration	>	diuresis	lead to	dehydration
diarrhea	lead to	dehydration	>	diarrhea	cause	dehydration
nausea	lead to	dehydration	>	vomiting	increase	dehydration
nausea	result in	dehydration	>	nausea	cause	dehydration
dehydration	cause	cramp	>	dehydration	lead to	cramp
dehydration	treat by	infusion	>	dehydration	prevent by	infusion
diuresis	produce	dehydration	>	diuretic	cause	dehydration
dehydration	develop in	fever	>	fever	cause	dehydration
polyuria	lead to	dehydration	>	diuresis	promote	dehydration
hydration	prevent	dehydration	>	dehydration	treat by	fluid
dehydration	induce	hypernatremia	>	hypernatremia	indicate	dehydration
anemia	mask by	dehydration	>	dehydration	mask	anemia
people	die of	dehydration	>	person	suffer from	dehydration
dehydration	lead to	death	>	person	die of	dehydration
dehydration	cause	hypovolemia	>	dehydration	mask	anemia
polyuria	lead to	dehydration	>	polyuria	cause	dehydration
fluid	treat	dehydration	>	dehydration	treat by	fluid
diuresis	promote	dehydration	>	diuresis	produce	dehydration
water	prevent	dehydration	>	fluid	require for	dehydration
dehydration	cause	hemoconcentration	>	dehydration	lead to	hemoconcentration
nausea	produce	dehydration	>	vomiting	result in	dehydration
dryness	occur with	dehydration	>	dryness	indicate	dehydration
fluid	give to	dehydration	>	dehydration	require	fluid
nausea	cause	dehydration	>	nausea	lead to	dehydration
dehydration	produce	hypotension	>	dehydration	lead to	hypotension
people	die of	dehydration	>	dehydration	cause	death
dehydration	cause	weakness	>	dehydration	lead to	fatigue
dehydration	require	fluid	>	fluid	prevent	dehydration
fluid	correct	dehydration	>	dehydration	treat by	fluid
dehydration	correct with	saline	>	dehydration	require	fluid
dehydration	correct with	fluid	>	fluid	give to	dehydration
dehydration	treat by	infusion	>	fluid	require for	dehydration
nausea	cause	dehydration	>	vomiting	lead to	dehydration
death	result from	dehydration	>	death	occur from	dehydration
diarrhea	result in	dehydration	>	diarrhea	associate with	dehydration
vomiting	increase	dehydration	>	vomiting	cause	dehydration
dehydration	treat with	saline	>	dehydration	treat with	fluid
death	occur from	dehydration	>	death	result from	dehydration
dehydration	result in	death	>	dehydration	lead to	death
insipidus	result in	dehydration	>	diuretic	lead to	dehydration
dehydration	cause by	diuresis	>	diuretic	lead to	dehydration
dehydration	lead to	death	>	death	follow	dehydration
dehydration	kill	million	>	death	occur to	dehydration
dehydration	require	fluid	>	fluid	correct	dehydration
diuresis	result in	dehydration	>	diuretic	cause	dehydration
vomiting	lead to	dehydration	>	dehydration	cause by	vomiting
diuresis	result in	dehydration	>	diuresis	lead to	dehydration
hypernatremia	associate with	dehydration	>	hypernatremia	see with	dehydration
dehydration	draw	water	>	water	remove by	dehydration
fluid	give to	dehydration	>	dehydration	correct by	fluid
person	die of	dehydration	>	death	cause by	dehydration
hypernatremia	indicate	dehydration	>	hypernatremia	see with	dehydration
dehydration	cause by	vomiting	>	vomiting	result in	dehydration
hypernatremia	cause by	dehydration	>	hypernatremia	see with	dehydration
dehydration	treat by	fluid	>	dehydration	require	fluid
polyuria	lead to	dehydration	>	diuresis	result in	dehydration
dehydration	lead to	hypovolemia	>	anemia	mask by	dehydration
death	cause by	dehydration	>	people	die of	dehydration
cramp	cause by	dehydration	>	dehydration	cause	cramp
dehydration	correct by	infusion	>	dehydration	correct with	saline
fluid	give to	dehydration	>	fluid	treat	dehydration
fluid	treat	dehydration	>	dehydration	correct by	fluid
sweating	cause	dehydration	>	sweating	lead to	dehydration
fever	cause	dehydration	>	fever	lead to	dehydration
polyuria	lead to	dehydration	>	diuretic	cause	dehydration
dehydration	treat by	fluid	>	fluid	prevent	dehydration
dehydration	occur after	vomiting	>	nausea	result in	dehydration
polyuria	cause	dehydration	>	polyuria	lead to	dehydration
insipidus	result in	dehydration	>	polyuria	lead to	dehydration
dehydration	cause by	vomiting	>	nausea	produce	dehydration
laxative	cause	dehydration	>	diarrhea	cause	dehydration
death	occur to	dehydration	>	dehydration	cause	death
dehydration	relieve by	saline	>	dehydration	treat by	fluid
diuresis	cause	dehydration	>	polyuria	cause	dehydration
dehydration	effect with	alcohol	>	alcohol	contribute to	dehydration
dehydration	cause	fatigue	>	exhaustion	cause by	dehydration
fluid	prevent	dehydration	>	fluid	overcome	dehydration
death	result from	dehydration	>	person	suffer from	dehydration
diarrhea	associate with	dehydration	>	diarrhea	produce	dehydration
dehydration	result in	constipation	>	dehydration	produce	constipation
dehydration	cause by	vomiting	>	dehydration	result from	vomiting
dehydration	occur in	fever	>	fever	cause	dehydration
diuresis	result in	dehydration	>	diuretic	aggravate	dehydration
people	die of	dehydration	>	death	result from	dehydration
diarrhea	result in	dehydration	>	diarrhea	produce	dehydration
diarrhoea	lead to	dehydration	>	diarrhoea	cause	dehydration
diuresis	produce	dehydration	>	diuresis	lead to	dehydration
dehydration	occur after	vomiting	>	dehydration	result from	vomiting
insipidus	result in	dehydration	>	dehydration	cause by	diuresis
diuresis	lead to	dehydration	>	diuresis	promote	dehydration
dehydration	lead to	cramp	>	dehydration	cause	cramp
death	cause by	dehydration	>	person	die of	dehydration
fluid	give to	dehydration	>	hydration	prevent	dehydration
dehydration	relieve by	saline	>	fluid	prevent	dehydration
person	die of	dehydration	>	death	follow	dehydration
fluid	prevent	dehydration	>	fluid	require for	dehydration
vomiting	result in	dehydration	>	nausea	result in	dehydration
diarrhoea	cause	dehydration	>	diarrhea	cause	dehydration
dehydration	cause	thirst	>	dehydration	produce	thirst
dehydration	treat with	saline	>	dehydration	treat by	fluid
dehydration	treat with	infusion	>	hydration	prevent	dehydration
water	prevent	dehydration	>	fluid	prevent	dehydration
water	prevent	dehydration	>	dehydration	treat by	fluid
diuresis	produce	dehydration	>	dehydration	cause by	diuresis
death	occur to	dehydration	>	dehydration	lead to	death
diarrhea	lead to	dehydration	>	diarrhoea	cause	dehydration
exercise	lead to	dehydration	>	sweating	cause	dehydration
dehydration	characterize by	thirst	>	dehydration	produce	thirst
hypernatremia	see with	dehydration	>	dehydration	induce	hypernatremia
people	die of	dehydration	>	death	occur from	dehydration
dehydration	occur after	vomiting	>	vomiting	cause	dehydration
acidosis	accompany	dehydration	>	dehydration	accompany by	acidosis
dehydration	lead to	death	>	death	cause by	dehydration
dehydration	cause	hypotension	>	anemia	mask by	dehydration
dehydration	result from	vomiting	>	vomiting	result in	dehydration
saline	correct	dehydration	>	dehydration	relieve by	saline
polyuria	cause	dehydration	>	diuresis	lead to	dehydration
fluid	give to	dehydration	>	fluid	require for	dehydration
dehydration	treat by	infusion	>	dehydration	treat with	fluid
dehydration	treat by	infusion	>	water	prevent	dehydration
dehydration	lead to	headache	>	dehydration	cause	headache
hypotension	indicate	dehydration	>	anemia	mask by	dehydration
dehydration	relieve by	saline	>	dehydration	correct by	infusion
dehydration	correct by	fluid	>	fluid	require for	dehydration
dehydration	correct by	infusion	>	dehydration	relieve by	saline
dehydration	treat with	fluid	>	fluid	overcome	dehydration
dehydration	treat by	fluid	>	dehydration	correct by	fluid
diuresis	lead to	dehydration	>	diuretic	lead to	dehydration
diarrhea	cause	dehydration	>	dehydration	result from	diarrhea
dehydration	treat with	infusion	>	fluid	require for	dehydration
nausea	result in	dehydration	>	vomiting	increase	dehydration
diuretic	aggravate	dehydration	>	diuretic	lead to	dehydration
fluid	prevent	dehydration	>	fluid	correct	dehydration
saline	correct	dehydration	>	dehydration	treat with	infusion
person	die of	dehydration	>	people	die of	dehydration
dehydration	treat with	infusion	>	dehydration	relieve by	saline
dryness	indicate	dehydration	>	dryness	occur with	dehydration
diarrhea	associate with	dehydration	>	diarrhea	result in	dehydration
dehydration	accompany by	hypernatremia	>	dehydration	induce	hypernatremia
dehydration	cause by	vomiting	>	vomiting	cause	dehydration
heat	result in	dehydration	>	heat	cause	dehydration
death	occur from	dehydration	>	person	die of	dehydration
dehydration	prevent by	infusion	>	dehydration	treat with	saline
polyuria	lead to	dehydration	>	diuresis	produce	dehydration
dehydration	prevent by	infusion	>	dehydration	treat by	fluid
dehydration	treat by	fluid	>	fluid	require for	dehydration
dehydration	treat by	infusion	>	fluid	give to	dehydration
insipidus	result in	dehydration	>	polyuria	cause	dehydration
dehydration	treat with	infusion	>	dehydration	correct by	infusion
dehydration	result in	death	>	person	die of	dehydration
hypernatremia	cause by	dehydration	>	hypernatremia	associate with	dehydration
dehydration	correct by	infusion	>	dehydration	treat by	infusion
dehydration	correct with	saline	>	dehydration	correct by	fluid
dehydration	cause	headache	>	dehydration	lead to	headache
diarrhea	produce	dehydration	>	diarrhoea	cause	dehydration
exhaustion	cause by	dehydration	>	dehydration	cause	fatigue
nausea	produce	dehydration	>	dehydration	result from	vomiting
dehydration	lead to	fatigue	>	dehydration	cause	exhaustion
dehydration	correct with	saline	>	dehydration	treat with	infusion
nausea	lead to	dehydration	>	vomiting	produce	dehydration
fever	cause	dehydration	>	dehydration	develop in	fever
nausea	result in	dehydration	>	vomiting	produce	dehydration
dehydration	occur after	vomiting	>	nausea	produce	dehydration
laxative	cause	dehydration	>	diarrhea	produce	dehydration
diuresis	produce	dehydration	>	polyuria	cause	dehydration
insipidus	result in	dehydration	>	diuretic	cause	dehydration
dehydration	result in	death	>	person	suffer from	dehydration
diuretic	cause	dehydration	>	diuresis	result in	dehydration
death	occur from	dehydration	>	dehydration	lead to	death
nausea	result in	dehydration	>	nausea	lead to	dehydration
dehydration	result in	death	>	death	follow	dehydration
dehydration	cause	dryness	>	dryness	cause by	dehydration
cathartic	cause	dehydration	>	diarrhea	associate with	dehydration
vomiting	produce	dehydration	>	dehydration	cause by	vomiting
diuresis	cause	dehydration	>	diuresis	produce	dehydration
dehydration	relieve by	saline	>	fluid	give to	dehydration
diarrhoea	lead to	dehydration	>	dehydration	result from	diarrhea
dryness	occur with	dehydration	>	dryness	cause by	dehydration
fluid	require for	dehydration	>	fluid	treat	dehydration
polyuria	lead to	dehydration	>	diuretic	aggravate	dehydration
exercise	lead to	dehydration	>	sweating	lead to	dehydration
dehydration	stimulate	thirst	>	dehydration	produce	thirst
saline	correct	dehydration	>	dehydration	treat by	infusion
dehydration	result from	vomiting	>	dehydration	cause by	vomiting
cathartic	cause	dehydration	>	laxative	cause	dehydration
nausea	cause	dehydration	>	dehydration	occur after	vomiting
dehydration	require	fluid	>	water	prevent	dehydration
dehydration	cause by	diuresis	>	diuresis	promote	dehydration
dehydration	result from	vomiting	>	dehydration	occur after	vomiting
hypotension	indicate	dehydration	>	dehydration	produce	hypotension
dehydration	cause	thirst	>	dehydration	create	thirst
cathartic	cause	dehydration	>	diarrhea	produce	dehydration
dehydration	treat by	infusion	>	fluid	correct	dehydration
nausea	produce	dehydration	>	vomiting	lead to	dehydration
dehydration	treat with	infusion	>	dehydration	correct with	saline
dehydration	cause	exhaustion	>	dehydration	cause	fatigue
diarrhoea	lead to	dehydration	>	diarrhea	associate with	dehydration
dehydration	mask	anemia	>	anemia	mask by	dehydration
water	prevent	dehydration	>	fluid	treat	dehydration
diarrhoea	lead to	dehydration	>	diarrhea	lead to	dehydration
nausea	produce	dehydration	>	dehydration	cause by	vomiting
vomiting	produce	dehydration	>	vomiting	result in	dehydration
death	cause by	dehydration	>	dehydration	lead to	death
fever	lead to	dehydration	>	dehydration	occur in	fever
vomiting	result in	dehydration	>	vomiting	cause	dehydration
dehydration	correct with	saline	>	dehydration	prevent by	infusion
dehydration	induce by	heat	>	heat	result in	dehydration
dehydration	cause	cramp	>	cramp	cause by	dehydration
dehydration	treat with	infusion	>	dehydration	treat with	saline
constipation	cause by	dehydration	>	dehydration	produce	constipation
dehydration	treat by	infusion	>	dehydration	treat by	fluid
dehydration	correct by	infusion	>	dehydration	treat with	fluid
saline	correct	dehydration	>	fluid	require for	dehydration
hypernatremia	cause by	dehydration	>	dehydration	induce	hypernatremia
fluid	treat	dehydration	>	fluid	give to	dehydration
dehydration	accompany by	fever	>	dehydration	cause	fever
vomiting	lead to	dehydration	>	vomiting	produce	dehydration
death	cause by	dehydration	>	dehydration	result in	death
diarrhea	result in	dehydration	>	diarrhea	lead to	dehydration
dehydration	occur after	vomiting	>	vomiting	produce	dehydration
dehydration	treat with	saline	>	dehydration	treat with	infusion
hydration	prevent	dehydration	>	fluid	give to	dehydration
dehydration	correct with	fluid	>	fluid	correct	dehydration
dehydration	correct with	saline	>	fluid	prevent	dehydration
vomiting	lead to	dehydration	>	vomiting	result in	dehydration
dehydration	cause	hypotension	>	hypotension	cause by	dehydration
dehydration	relieve by	saline	>	dehydration	treat with	fluid
dehydration	prevent by	infusion	>	dehydration	treat with	infusion
dehydration	relieve by	saline	>	dehydration	prevent by	infusion
dehydration	occur after	vomiting	>	vomiting	result in	dehydration
dehydration	treat with	saline	>	fluid	give to	dehydration
diarrhoea	result in	dehydration	>	diarrhea	associate with	dehydration
dehydration	relieve by	saline	>	saline	correct	dehydration
people	die of	dehydration	>	person	die of	dehydration
dehydration	treat with	fluid	>	dehydration	require	fluid
water	prevent	dehydration	>	dehydration	treat with	fluid
dehydration	cause by	diuresis	>	polyuria	cause	dehydration
saline	correct	dehydration	>	dehydration	treat with	fluid
dehydration	correct with	fluid	>	fluid	prevent	dehydration
diuresis	promote	dehydration	>	diuretic	lead to	dehydration
fluid	treat	dehydration	>	fluid	prevent	dehydration
acidosis	accompany	dehydration	>	dehydration	result in	acidosis
vomiting	cause	dehydration	>	vomiting	lead to	dehydration
water	prevent	dehydration	>	fluid	overcome	dehydration
dehydration	correct with	saline	>	dehydration	treat with	fluid
diuretic	lead to	dehydration	>	polyuria	lead to	dehydration
cathartic	cause	dehydration	>	dehydration	result from	diarrhea
cramp	cause by	dehydration	>	dehydration	lead to	cramp
dehydration	relieve by	saline	>	dehydration	correct by	fluid
nausea	lead to	dehydration	>	nausea	cause	dehydration
dehydration	correct with	fluid	>	dehydration	require	fluid
dehydration	treat with	saline	>	dehydration	require	fluid
dehydration	treat with	infusion	>	dehydration	require	fluid
diuresis	cause	dehydration	>	diuresis	result in	dehydration
water	prevent	dehydration	>	dehydration	correct with	fluid
death	cause by	dehydration	>	death	follow	dehydration
nausea	cause	dehydration	>	dehydration	cause by	vomiting
person	die of	dehydration	>	dehydration	cause	death
nausea	lead to	dehydration	>	dehydration	cause by	vomiting
dehydration	treat with	infusion	>	fluid	prevent	dehydration
nausea	result in	dehydration	>	dehydration	cause by	vomiting
diuresis	result in	dehydration	>	dehydration	cause by	diuresis
diuresis	lead to	dehydration	>	diuretic	aggravate	dehydration
diuresis	result in	dehydration	>	diuresis	promote	dehydration
fluid	require for	dehydration	>	dehydration	require	fluid
person	die of	dehydration	>	death	occur from	dehydration
diuretic	cause	dehydration	>	polyuria	cause	dehydration
hypotension	cause by	dehydration	>	dehydration	produce	hypotension
diarrhea	associate with	dehydration	>	diarrhoea	result in	dehydration
nausea	result in	dehydration	>	dehydration	result from	vomiting
saline	correct	dehydration	>	dehydration	require	fluid
hypotension	cause by	dehydration	>	hypotension	indicate	dehydration
fluid	treat	dehydration	>	fluid	correct	dehydration
diuretic	lead to	dehydration	>	polyuria	cause	dehydration
diuresis	promote	dehydration	>	diuresis	result in	dehydration
diarrhea	result in	dehydration	>	diarrhoea	cause	dehydration
dryness	cause by	dehydration	>	dryness	occur with	dehydration
diarrhea	associate with	dehydration	>	diarrhea	lead to	dehydration
diarrhoea	cause	dehydration	>	diarrhea	produce	dehydration
dehydration	treat with	saline	>	dehydration	correct by	infusion
dehydration	create	thirst	>	dehydration	stimulate	thirst
fluid	require for	dehydration	>	dehydration	correct with	fluid
dehydration	produce	hypotension	>	dehydration	mask	anemia
dryness	indicate	dehydration	>	dryness	see in	dehydration
dehydration	require	fluid	>	fluid	overcome	dehydration
cramp	cause by	dehydration	>	cramp	relate to	dehydration
dehydration	lead to	hemoconcentration	>	dehydration	result in	hemoconcentration
dehydration	kill	million	>	person	suffer from	dehydration
fluid	correct	dehydration	>	dehydration	treat with	fluid
fluid	require for	dehydration	>	dehydration	treat by	fluid
diuresis	cause	dehydration	>	diuretic	cause	dehydration
hypotension	indicate	dehydration	>	dehydration	cause	hypotension
fluid	treat	dehydration	>	dehydration	treat with	fluid
fluid	prevent	dehydration	>	dehydration	correct by	fluid
fluid	prevent	dehydration	>	water	prevent	dehydration
dehydration	cause by	vomiting	>	vomiting	produce	dehydration
nausea	produce	dehydration	>	nausea	cause	dehydration
diuretic	cause	dehydration	>	diuresis	promote	dehydration
dehydration	cause	death	>	person	die of	dehydration
vomiting	cause	dehydration	>	nausea	lead to	dehydration
dehydration	cause	death	>	death	cause by	dehydration
dehydration	result from	vomiting	>	vomiting	produce	dehydration
people	die of	dehydration	>	dehydration	lead to	death
dehydration	correct by	fluid	>	fluid	give to	dehydration
vomiting	cause	dehydration	>	vomiting	result in	dehydration
nausea	lead to	dehydration	>	nausea	produce	dehydration
hydration	prevent	dehydration	>	water	prevent	dehydration
diuresis	lead to	dehydration	>	diuretic	cause	dehydration
ketoacidosis	exacerbate	dehydration	>	ketoacidosis	characterize by	dehydration
vomiting	result in	dehydration	>	nausea	lead to	dehydration
dehydration	increase above	osmolality	>	dehydration	increase	osmolality
vomiting	increase	dehydration	>	nausea	cause	dehydration
dehydration	treat with	saline	>	saline	correct	dehydration
diuretic	aggravate	dehydration	>	diuresis	promote	dehydration
hemoconcentration	occur with	dehydration	>	dehydration	lead to	hemoconcentration
person	die of	dehydration	>	person	suffer from	dehydration
dehydration	require	fluid	>	fluid	give to	dehydration
diuretic	lead to	dehydration	>	diuresis	produce	dehydration
fluid	treat	dehydration	>	fluid	overcome	dehydration
nausea	result in	dehydration	>	vomiting	result in	dehydration
nausea	cause	dehydration	>	nausea	produce	dehydration
saline	correct	dehydration	>	dehydration	treat by	fluid
dehydration	correct by	fluid	>	water	prevent	dehydration
dehydration	treat with	infusion	>	dehydration	treat with	fluid
fluid	correct	dehydration	>	fluid	overcome	dehydration
dehydration	correct by	fluid	>	dehydration	treat with	fluid
vomiting	cause	dehydration	>	vomiting	increase	dehydration
diuresis	cause	dehydration	>	diuresis	lead to	dehydration
fluid	give to	dehydration	>	fluid	prevent	dehydration
fluid	overcome	dehydration	>	fluid	prevent	dehydration
people	die of	dehydration	>	death	follow	dehydration
fluid	prevent	dehydration	>	dehydration	require	fluid
death	occur to	dehydration	>	death	occur from	dehydration
dehydration	treat with	infusion	>	saline	correct	dehydration
dehydration	treat with	saline	>	fluid	require for	dehydration
fluid	prevent	dehydration	>	fluid	give to	dehydration
heat	cause	dehydration	>	heat	result in	dehydration
dehydration	cause	hypovolemia	>	dehydration	lead to	hypovolemia
dehydration	lead to	hypotension	>	dehydration	mask	anemia
vomiting	increase	dehydration	>	vomiting	lead to	dehydration
polyuria	cause	dehydration	>	diuresis	result in	dehydration
death	follow	dehydration	>	person	die of	dehydration
diuresis	lead to	dehydration	>	polyuria	lead to	dehydration
hypernatremia	indicate	dehydration	>	dehydration	induce	hypernatremia
vomiting	increase	dehydration	>	dehydration	occur after	vomiting
diarrhea	lead to	dehydration	>	diarrhea	result in	dehydration
dehydration	correct by	fluid	>	fluid	overcome	dehydration
dehydration	cause	death	>	dehydration	lead to	death
dehydration	prevent by	infusion	>	dehydration	correct with	fluid
fluid	correct	dehydration	>	fluid	require for	dehydration
saline	correct	dehydration	>	fluid	treat	dehydration
dehydration	produce	thirst	>	dehydration	characterize by	thirst
dehydration	prevent by	infusion	>	fluid	overcome	dehydration
water	prevent	dehydration	>	fluid	correct	dehydration
dehydration	cause	dryness	>	dryness	occur with	dehydration
fluid	treat	dehydration	>	dehydration	require	fluid
dehydration	kill	million	>	death	result from	dehydration
dehydration	cause	constipation	>	dehydration	produce	constipation
dryness	occur with	dehydration	>	dehydration	cause	dryness
death	occur to	dehydration	>	person	die of	dehydration
death	follow	dehydration	>	person	suffer from	dehydration
dehydration	relieve by	saline	>	fluid	overcome	dehydration
hypernatremia	indicate	dehydration	>	hypernatremia	associate with	dehydration
dehydration	result from	vomiting	>	nausea	produce	dehydration
dehydration	treat by	fluid	>	hydration	prevent	dehydration
dehydration	correct by	fluid	>	fluid	treat	dehydration
dehydration	cause	weakness	>	exhaustion	cause by	dehydration
dehydration	catalyze by	anhydrase	>	anhydrase	catalyze	dehydration
hydration	prevent	dehydration	>	fluid	treat	dehydration
dehydration	treat with	saline	>	dehydration	prevent by	infusion
dehydration	cause by	diuresis	>	diuresis	produce	dehydration
diuretic	lead to	dehydration	>	diuretic	cause	dehydration
dehydration	treat by	infusion	>	dehydration	correct with	fluid
dehydration	treat by	infusion	>	dehydration	correct with	saline
diarrhoea	cause	dehydration	>	diarrhoea	result in	dehydration
diuresis	cause	dehydration	>	diuretic	aggravate	dehydration
dehydration	correct by	infusion	>	saline	correct	dehydration
dehydration	cause	hypovolemia	>	anemia	mask by	dehydration
dehydration	treat with	fluid	>	fluid	prevent	dehydration
diuresis	produce	dehydration	>	polyuria	lead to	dehydration
vomiting	produce	dehydration	>	dehydration	result from	vomiting
diarrhoea	lead to	dehydration	>	diarrhoea	result in	dehydration
dehydration	produce	hypotension	>	hypotension	indicate	dehydration
dehydration	correct with	saline	>	fluid	overcome	dehydration
dehydration	treat by	infusion	>	fluid	treat	dehydration
hypotension	cause by	dehydration	>	anemia	mask by	dehydration
dehydration	accompany by	acidosis	>	acidosis	accompany	dehydration
death	follow	dehydration	>	people	die of	dehydration
fluid	overcome	dehydration	>	hydration	prevent	dehydration
fluid	require for	dehydration	>	dehydration	treat with	fluid
dehydration	prevent by	infusion	>	dehydration	correct with	saline
dehydration	correct with	saline	>	dehydration	correct with	fluid
dehydration	relieve by	saline	>	dehydration	require	fluid
dehydration	require	fluid	>	fluid	require for	dehydration
dehydration	relieve by	saline	>	dehydration	correct with	saline
dehydration	result in	death	>	death	cause by	dehydration
diuresis	cause	dehydration	>	polyuria	lead to	dehydration
dehydration	characterize by	thirst	>	dehydration	create	thirst
dehydration	cause by	diuresis	>	diuretic	aggravate	dehydration
dehydration	cause	thirst	>	dehydration	characterize by	thirst
cathartic	cause	dehydration	>	diarrhoea	cause	dehydration
vomiting	produce	dehydration	>	dehydration	occur after	vomiting
diarrhea	associate with	dehydration	>	diarrhea	cause	dehydration
fluid	overcome	dehydration	>	water	prevent	dehydration
dehydration	correct with	saline	>	saline	correct	dehydration
alcohol	contribute to	dehydration	>	dehydration	effect with	alcohol
dehydration	treat with	infusion	>	dehydration	treat by	infusion
diarrhoea	result in	dehydration	>	diarrhea	produce	dehydration
dehydration	result in	death	>	death	occur from	dehydration
dehydration	result from	diarrhea	>	diarrhoea	result in	dehydration
chloride	produce	dehydration	X	chloride	use for	dehydration
hyperglycemia	lead to	dehydration	>	hyperglycaemia	lead to	dehydration
dehydration	relieve by	saline	>	fluid	require for	dehydration
vomiting	increase	dehydration	>	nausea	lead to	dehydration
dehydration	correct with	saline	>	water	prevent	dehydration
diuretic	lead to	dehydration	>	diuresis	result in	dehydration
diarrhea	lead to	dehydration	>	diarrhea	produce	dehydration
polyuria	lead to	dehydration	>	diuretic	lead to	dehydration
dehydration	produce	hypotension	>	anemia	mask by	dehydration
dehydration	treat by	infusion	>	dehydration	treat with	infusion
dehydration	kill	million	>	people	die of	dehydration
dehydration	occur after	vomiting	>	vomiting	lead to	dehydration
dehydration	result from	diarrhea	>	diarrhoea	lead to	dehydration
vomiting	lead to	dehydration	>	dehydration	occur after	vomiting
nausea	produce	dehydration	>	dehydration	occur after	vomiting
diuretic	aggravate	dehydration	>	diuresis	produce	dehydration
people	die of	dehydration	>	dehydration	result in	death
fluid	treat	dehydration	>	dehydration	correct with	fluid
dehydration	accompany by	hypernatremia	>	hypernatremia	cause by	dehydration
dehydration	induce	hypernatremia	>	dehydration	accompany by	hypernatremia
vomiting	cause	dehydration	>	nausea	result in	dehydration
diarrhea	cause	dehydration	>	diarrhoea	result in	dehydration
death	cause by	dehydration	>	death	occur to	dehydration
dehydration	stimulate	thirst	>	dehydration	cause	thirst
fluid	correct	dehydration	>	fluid	prevent	dehydration
vomiting	cause	dehydration	>	dehydration	result from	vomiting
dehydration	correct with	saline	>	fluid	correct	dehydration
dehydration	cause	fatigue	>	dehydration	cause	weakness
dehydration	treat with	saline	>	fluid	correct	dehydration
vomiting	increase	dehydration	>	nausea	result in	dehydration
people	die of	dehydration	>	death	occur to	dehydration
polyuria	cause	dehydration	>	diuresis	cause	dehydration
alcohol	contribute to	dehydration	>	alcohol	cause	dehydration
fluid	treat	dehydration	>	fluid	require for	dehydration
dehydration	treat by	infusion	>	saline	correct	dehydration
dehydration	relieve by	saline	>	dehydration	treat by	infusion
dehydration	prevent by	infusion	>	fluid	give to	dehydration
dehydration	accompany by	hypernatremia	>	hypernatremia	associate with	dehydration
hypernatremia	cause by	dehydration	>	hypernatremia	indicate	dehydration
dehydration	treat with	infusion	>	dehydration	correct with	fluid
cathartic	cause	dehydration	>	diarrhea	result in	dehydration
dehydration	relieve by	saline	>	fluid	correct	dehydration
dehydration	induce	hypernatremia	>	hypernatremia	cause by	dehydration
vomiting	cause	dehydration	>	nausea	produce	dehydration
diuresis	promote	dehydration	>	diuresis	lead to	dehydration
dehydration	relieve by	saline	>	dehydration	correct with	fluid
dehydration	occur in	fever	>	fever	lead to	dehydration
dehydration	treat with	infusion	>	dehydration	correct by	fluid
dehydration	kill	million	>	death	cause by	dehydration
fluid	give to	dehydration	>	dehydration	correct with	fluid
dehydration	stimulate	thirst	>	dehydration	characterize by	thirst
dehydration	relieve by	saline	>	water	prevent	dehydration
dehydration	produce	hypotension	>	dehydration	cause	hypotension
dehydration	lead to	death	>	death	occur to	dehydration
dehydration	correct by	infusion	>	dehydration	treat with	infusion
dehydration	correct by	infusion	>	fluid	correct	dehydration
alcohol	cause	dehydration	>	alcohol	contribute to	dehydration
hypernatremia	see with	dehydration	>	hypernatremia	indicate	dehydration
hypotension	cause by	dehydration	>	dehydration	cause	hypotension
dehydration	create	thirst	>	dehydration	produce	thirst
dehydration	correct by	infusion	>	dehydration	treat with	saline
nausea	cause	dehydration	>	vomiting	result in	dehydration
dehydration	prevent by	infusion	>	dehydration	correct by	fluid
fluid	correct	dehydration	>	fluid	treat	dehydration
dehydration	prevent by	infusion	>	water	prevent	dehydration
diarrhoea	result in	dehydration	>	dehydration	result from	diarrhea
cramp	relate to	dehydration	>	cramp	cause by	dehydration
hypotension	indicate	dehydration	>	dehydration	mask	anemia
dryness	cause by	dehydration	>	dehydration	cause	dryness
dehydration	correct with	fluid	>	dehydration	correct by	fluid
nausea	result in	dehydration	>	dehydration	occur after	vomiting
laxative	cause	dehydration	>	dehydration	result from	diarrhea
insipidus	result in	dehydration	>	diuresis	result in	dehydration
dehydration	correct by	fluid	>	fluid	prevent	dehydration
dehydration	correct with	fluid	>	hydration	prevent	dehydration
dehydration	treat by	infusion	>	hydration	prevent	dehydration
dehydration	cause	dryness	>	dryness	see in	dehydration
dehydration	treat with	saline	>	hydration	prevent	dehydration
vomiting	lead to	dehydration	>	vomiting	cause	dehydration
dehydration	treat by	fluid	>	dehydration	correct with	fluid
cathartic	cause	dehydration	>	diarrhea	lead to	dehydration
dehydration	treat by	infusion	>	dehydration	correct by	fluid
hyperglycaemia	lead to	dehydration	>	hyperglycemia	lead to	dehydration
diuresis	lead to	dehydration	>	diuresis	cause	dehydration
diarrhoea	cause	dehydration	>	diarrhea	lead to	dehydration
death	follow	dehydration	>	death	cause by	dehydration
diarrhoea	cause	dehydration	>	diarrhea	associate with	dehydration
nausea	cause	dehydration	>	vomiting	produce	dehydration
dehydration	effect with	alcohol	>	alcohol	cause	dehydration
death	result from	dehydration	>	person	die of	dehydration
dehydration	relieve by	saline	>	dehydration	treat with	saline
hypernatremia	associate with	dehydration	>	hypernatremia	indicate	dehydration
dehydration	treat with	saline	>	dehydration	correct by	fluid
laxative	cause	dehydration	>	cathartic	cause	dehydration
dehydration	treat with	saline	>	dehydration	treat by	infusion
dehydration	treat with	infusion	>	dehydration	prevent by	infusion
death	occur to	dehydration	>	death	cause by	dehydration
diarrhoea	result in	dehydration	>	diarrhea	result in	dehydration
fluid	prevent	dehydration	>	dehydration	correct with	fluid
dehydration	treat by	fluid	>	fluid	give to	dehydration
death	result from	dehydration	>	dehydration	cause	death
heat	result in	dehydration	>	dehydration	induce by	heat
dehydration	cause	fever	>	dehydration	accompany by	fever
dehydration	require	fluid	>	fluid	treat	dehydration
saline	correct	dehydration	>	dehydration	correct with	fluid
dehydration	lead to	confusion	>	dehydration	cause	delirium
vomiting	result in	dehydration	>	vomiting	increase	dehydration
hypotension	cause by	dehydration	>	dehydration	mask	anemia
polyuria	cause	dehydration	>	diuretic	aggravate	dehydration
dehydration	correct by	infusion	>	dehydration	treat by	fluid
fluid	correct	dehydration	>	dehydration	correct with	fluid
polyuria	cause	dehydration	>	dehydration	cause by	diuresis
diuretic	aggravate	dehydration	>	polyuria	cause	dehydration
diarrhea	result in	dehydration	>	diarrhoea	lead to	dehydration
insipidus	result in	dehydration	>	diuretic	aggravate	dehydration
dehydration	lead to	confusion	>	dehydration	cause	confusion
dehydration	result in	hemoconcentration	>	hemoconcentration	occur with	dehydration
dehydration	lead to	death	>	dehydration	cause	death
dehydration	cause by	diuresis	>	diuretic	cause	dehydration
dehydration	treat with	saline	>	fluid	overcome	dehydration
nausea	result in	dehydration	>	nausea	produce	dehydration
dehydration	cause	fever	>	fever	produce by	dehydration
fluid	require for	dehydration	>	fluid	overcome	dehydration
diarrhoea	result in	dehydration	>	diarrhea	lead to	dehydration
alcohol	cause	dehydration	>	dehydration	effect with	alcohol
dehydration	prevent by	infusion	>	dehydration	relieve by	saline
dehydration	result from	diarrhea	>	diarrhea	result in	dehydration
dehydration	cause	death	>	person	suffer from	dehydration
diuresis	promote	dehydration	>	dehydration	cause by	diuresis
nausea	lead to	dehydration	>	dehydration	result from	vomiting
insipidus	result in	dehydration	>	diuresis	produce	dehydration
vomiting	increase	dehydration	>	nausea	produce	dehydration
dehydration	cause	constipation	>	constipation	cause by	dehydration
diuretic	cause	dehydration	>	polyuria	lead to	dehydration
vomiting	lead to	dehydration	>	nausea	cause	dehydration
diarrhea	produce	dehydration	>	diarrhea	result in	dehydration
polyuria	cause	dehydration	>	diuresis	produce	dehydration
fluid	prevent	dehydration	>	dehydration	treat with	fluid
dehydration	result in	acidosis	>	dehydration	accompany by	acidosis
dehydration	lead to	fatigue	>	dehydration	cause	fatigue
dehydration	require	fluid	>	hydration	prevent	dehydration
dehydration	treat with	infusion	>	fluid	give to	dehydration
nausea	cause	dehydration	>	vomiting	cause	dehydration
dehydration	require	fluid	>	dehydration	correct by	fluid
fluid	overcome	dehydration	>	dehydration	correct with	fluid
fever	produce by	dehydration	>	dehydration	cause	fever
diarrhea	lead to	dehydration	>	diarrhoea	result in	dehydration
dehydration	cause by	vomiting	>	nausea	cause	dehydration
thrombosis	cause by	dehydration	>	dehydration	cause	thrombosis
polyuria	lead to	dehydration	>	diuresis	lead to	dehydration
dehydration	treat by	infusion	>	fluid	overcome	dehydration
exhaustion	cause by	dehydration	>	dehydration	cause	exhaustion
dehydration	occur in	fever	>	dehydration	develop in	fever
dehydration	correct by	infusion	>	dehydration	prevent by	infusion
diarrhea	result in	dehydration	>	dehydration	result from	diarrhea
chloride	use for	dehydration	X	chloride	produce	dehydration
death	result from	dehydration	>	people	die of	dehydration
dehydration	kill	million	>	dehydration	lead to	death
diarrhea	associate with	dehydration	>	dehydration	result from	diarrhea
saline	correct	dehydration	>	dehydration	prevent by	infusion
vomiting	cause	dehydration	>	vomiting	produce	dehydration
dehydration	cause	constipation	>	dehydration	result in	constipation
hypotension	cause by	dehydration	>	dehydration	lead to	hypotension
dehydration	remove	water	>	dehydration	draw	water
dehydration	treat by	infusion	>	dehydration	relieve by	saline
dehydration	treat by	fluid	>	fluid	correct	dehydration
vomiting	result in	dehydration	>	vomiting	lead to	dehydration
hydration	prevent	dehydration	>	dehydration	require	fluid
vomiting	increase	dehydration	>	dehydration	cause by	vomiting
dehydration	treat with	fluid	>	dehydration	correct with	fluid
dehydration	correct by	infusion	>	hydration	prevent	dehydration
dehydration	correct with	saline	>	dehydration	treat by	fluid
dehydration	cause by	diuresis	>	diuresis	result in	dehydration
dehydration	cause	hypotension	>	dehydration	lead to	hypotension
dehydration	result in	hemoconcentration	>	dehydration	lead to	hemoconcentration
vomiting	cause	dehydration	>	dehydration	cause by	vomiting
dehydration	treat with	fluid	>	water	prevent	dehydration
dehydration	accompany by	acidosis	>	dehydration	result in	acidosis
fluid	require for	dehydration	>	water	prevent	dehydration
dehydration	prevent by	infusion	>	fluid	correct	dehydration
death	occur to	dehydration	>	dehydration	result in	death
dehydration	treat with	infusion	>	fluid	correct	dehydration
polyuria	cause	dehydration	>	diuretic	cause	dehydration
dehydration	cause by	vomiting	>	vomiting	lead to	dehydration
vomiting	result in	dehydration	>	nausea	cause	dehydration
diarrhea	lead to	dehydration	>	diarrhea	associate with	dehydration
nausea	cause	dehydration	>	dehydration	result from	vomiting
dehydration	prevent by	infusion	>	dehydration	correct by	infusion
vomiting	lead to	dehydration	>	nausea	result in	dehydration
dehydration	correct with	fluid	>	fluid	overcome	dehydration
dehydration	lead to	hypotension	>	anemia	mask by	dehydration
dehydration	develop in	fever	>	fever	lead to	dehydration
dehydration	accompany by	hypernatremia	>	hypernatremia	see with	dehydration
diuretic	aggravate	dehydration	>	diuresis	lead to	dehydration
dehydration	treat with	saline	>	fluid	treat	dehydration
dehydration	require	fluid	>	dehydration	correct with	fluid
dehydration	cause	hemoconcentration	>	dehydration	result in	hemoconcentration
dehydration	result from	diarrhea	>	diarrhoea	cause	dehydration
diuretic	aggravate	dehydration	>	diuresis	cause	dehydration
dehydration	kill	million	>	person	die of	dehydration
fluid	overcome	dehydration	>	fluid	require for	dehydration
nausea	produce	dehydration	>	nausea	lead to	dehydration
diarrhoea	result in	dehydration	>	diarrhoea	lead to	dehydration
dehydration	correct by	infusion	>	fluid	prevent	dehydration
dehydration	correct with	saline	>	hydration	prevent	dehydration
hypernatremia	indicate	dehydration	>	hypernatremia	cause by	dehydration
death	cause by	dehydration	>	person	suffer from	dehydration
dehydration	lead to	death	>	dehydration	result in	death
saline	correct	dehydration	>	dehydration	correct by	fluid
dehydration	result in	acidosis	>	acidosis	accompany	dehydration
insipidus	result in	dehydration	>	diuresis	lead to	dehydration
water	prevent	dehydration	>	dehydration	correct by	fluid
dehydration	treat by	infusion	>	dehydration	correct by	infusion
dehydration	treat with	fluid	>	fluid	correct	dehydration
vomiting	produce	dehydration	>	vomiting	cause	dehydration
dehydration	result from	vomiting	>	nausea	cause	dehydration
dehydration	produce	thirst	>	dehydration	cause	thirst
dehydration	cause	weakness	>	dehydration	cause	exhaustion
dehydration	kill	million	>	dehydration	result in	death
vomiting	result in	dehydration	>	vomiting	produce	dehydration
diuresis	promote	dehydration	>	polyuria	lead to	dehydration
death	result from	dehydration	>	dehydration	result in	death
diuretic	aggravate	dehydration	>	dehydration	cause by	diuresis
fluid	overcome	dehydration	>	dehydration	correct by	fluid
dehydration	result from	vomiting	>	vomiting	cause	dehydration
nausea	lead to	dehydration	>	dehydration	occur after	vomiting
hydration	prevent	dehydration	>	dehydration	correct with	fluid
dehydration	relieve by	saline	>	hydration	prevent	dehydration
death	result from	dehydration	>	death	occur to	dehydration
anhydrase	catalyze	dehydration	>	dehydration	catalyze by	anhydrase
nausea	cause	dehydration	>	nausea	result in	dehydration
laxative	cause	dehydration	>	diarrhea	lead to	dehydration
hydration	prevent	dehydration	>	fluid	prevent	dehydration
saline	correct	dehydration	>	dehydration	correct with	saline
dehydration	cause	fatigue	>	dehydration	cause	exhaustion
fluid	prevent	dehydration	>	fluid	treat	dehydration
dehydration	correct by	fluid	>	dehydration	treat by	fluid
polyuria	lead to	dehydration	>	diuresis	cause	dehydration
insipidus	result in	dehydration	>	diuresis	cause	dehydration
person	die of	dehydration	>	death	result from	dehydration
dehydration	occur after	vomiting	>	dehydration	cause by	vomiting
fever	lead to	dehydration	>	dehydration	develop in	fever
dehydration	correct with	fluid	>	fluid	require for	dehydration
dehydration	correct with	saline	>	fluid	give to	dehydration
vomiting	result in	dehydration	>	dehydration	cause by	vomiting
death	result from	dehydration	>	dehydration	lead to	death
death	occur from	dehydration	>	dehydration	cause	death
dehydration	prevent by	infusion	>	saline	correct	dehydration
fluid	require for	dehydration	>	fluid	prevent	dehydration
fluid	treat	dehydration	>	water	prevent	dehydration
dryness	occur with	dehydration	>	dryness	see in	dehydration
diuresis	cause	dehydration	>	diuresis	promote	dehydration
fluid	give to	dehydration	>	fluid	overcome	dehydration
dehydration	cause	fatigue	>	dehydration	lead to	fatigue
diarrhea	produce	dehydration	>	diarrhea	lead to	dehydration
dryness	see in	dehydration	>	dryness	occur with	dehydration
dehydration	lead to	cramp	>	cramp	relate to	dehydration
death	occur to	dehydration	>	death	follow	dehydration
dehydration	produce	constipation	>	constipation	cause by	dehydration
dehydration	lead to	death	>	death	occur from	dehydration
laxative	cause	dehydration	>	diarrhea	associate with	dehydration
dehydration	treat with	infusion	>	fluid	overcome	dehydration
diarrhea	cause	dehydration	>	diarrhoea	cause	dehydration
diuretic	lead to	dehydration	>	diuresis	cause	dehydration
fluid	treat	dehydration	>	hydration	prevent	dehydration
diuresis	promote	dehydration	>	diuretic	aggravate	dehydration
death	follow	dehydration	>	dehydration	cause	death
dehydration	lead to	hypotension	>	dehydration	cause	hypotension
diarrhoea	cause	dehydration	>	dehydration	result from	diarrhea
diuresis	lead to	dehydration	>	polyuria	cause	dehydration
dehydration	result from	vomiting	>	nausea	result in	dehydration
dehydration	occur after	vomiting	>	nausea	lead to	dehydration
death	occur to	dehydration	>	person	suffer from	dehydration
dehydration	result from	diarrhea	>	diarrhea	cause	dehydration
hydration	prevent	dehydration	>	fluid	overcome	dehydration
vomiting	lead to	dehydration	>	nausea	lead to	dehydration
dehydration	treat with	infusion	>	fluid	treat	dehydration
fever	produce by	dehydration	>	dehydration	accompany by	fever
vomiting	result in	dehydration	>	nausea	produce	dehydration
diuresis	lead to	dehydration	>	diuresis	result in	dehydration
dehydration	correct by	infusion	>	fluid	give to	dehydration
dehydration	treat with	fluid	>	fluid	treat	dehydration
diuresis	result in	dehydration	>	polyuria	lead to	dehydration
dehydration	cause by	vomiting	>	vomiting	increase	dehydration
dehydration	lead to	hypotension	>	dehydration	produce	hypotension
death	result from	dehydration	>	death	cause by	dehydration
dehydration	accompany by	hypernatremia	>	hypernatremia	indicate	dehydration
dehydration	lead to	hypovolemia	>	dehydration	cause	hypovolemia
constipation	cause by	dehydration	>	dehydration	cause	constipation
nausea	produce	dehydration	>	nausea	result in	dehydration
dehydration	treat with	infusion	>	dehydration	treat by	fluid
dehydration	increase	osmolality	>	dehydration	increase above	osmolality
dehydration	correct by	fluid	>	dehydration	correct with	fluid
hemoconcentration	occur with	dehydration	>	dehydration	result in	hemoconcentration
